{
    "ROUGE-1": 0.0,
    "ROUGE-2": 0.0,
    "ROUGE-L": 0.0,
    "METEOR": 0.0,
    "BERTScore (P)": 0.6254521608352661,
    "BERTScore (R)": 0.7733622789382935,
    "BERTScore (F1)": 0.6915872693061829,
    "Distinct-1": 0.4895833333333333,
    "Distinct-2": 0.65625,
    "Ensemble": 0.17289681732654572
}