{
    "ROUGE-1": 0.0,
    "ROUGE-2": 0.0,
    "ROUGE-L": 0.0,
    "METEOR": 0.0,
    "BERTScore (P)": 0.6255356073379517,
    "BERTScore (R)": 0.7816746234893799,
    "BERTScore (F1)": 0.6949427723884583,
    "Distinct-1": 0.4897260273972603,
    "Distinct-2": 0.7363013698630136,
    "Ensemble": 0.17373569309711456
}