{
    "ROUGE-1": 0.0,
    "ROUGE-2": 0.0,
    "ROUGE-L": 0.0,
    "METEOR": 0.0,
    "BERTScore (P)": 0.6212098598480225,
    "BERTScore (R)": 0.7629926800727844,
    "BERTScore (F1)": 0.6848399639129639,
    "Distinct-1": 0.4180327868852459,
    "Distinct-2": 0.6229508196721312,
    "Ensemble": 0.17120999097824097
}