{
    "ROUGE-1": 0.0,
    "ROUGE-2": 0.0,
    "ROUGE-L": 0.0,
    "METEOR": 0.0,
    "BERTScore (P)": 0.6244428157806396,
    "BERTScore (R)": 0.7778501510620117,
    "BERTScore (F1)": 0.6927552819252014,
    "Distinct-1": 0.4639175257731959,
    "Distinct-2": 0.718213058419244,
    "Ensemble": 0.17318882048130035
}