{
    "ROUGE-1": 0.0,
    "ROUGE-2": 0.0,
    "ROUGE-L": 0.0,
    "METEOR": 0.0,
    "BERTScore (P)": 0.614830493927002,
    "BERTScore (R)": 0.7626538276672363,
    "BERTScore (F1)": 0.6808103919029236,
    "Distinct-1": 0.38846153846153847,
    "Distinct-2": 0.5384615384615384,
    "Ensemble": 0.1702025979757309
}