{
    "ROUGE-1": 0.0,
    "ROUGE-2": 0.0,
    "ROUGE-L": 0.0,
    "BERTScore (P)": 0.7340188026428223,
    "BERTScore (R)": 0.7772790789604187,
    "BERTScore (F1)": 0.7550297379493713,
    "Distinct-1": 0.09494949494949495,
    "Distinct-2": 0.7595959595959596,
    "Ensemble": 0.18875743448734283
}