{
    "ROUGE-1": 0.0,
    "ROUGE-2": 0.0,
    "ROUGE-L": 0.0,
    "BERTScore (P)": 0.6006848216056824,
    "BERTScore (R)": 0.7657030820846558,
    "BERTScore (F1)": 0.6732293963432312,
    "Distinct-1": 0.6986899563318777,
    "Distinct-2": 1.4017467248908297,
    "Ensemble": 0.1683073490858078
}