{
    "ROUGE-1": 0.004301075268817205,
    "ROUGE-2": 0.0,
    "ROUGE-L": 0.004301075268817205,
    "BERTScore (P)": 0.7318288683891296,
    "BERTScore (R)": 0.7740519046783447,
    "BERTScore (F1)": 0.7523484230041504,
    "Distinct-1": 0.14772727272727273,
    "Distinct-2": 0.9795454545454545,
    "Ensemble": 0.1902376433854462
}