{
    "ROUGE-1": 0.0,
    "ROUGE-2": 0.0,
    "ROUGE-L": 0.0,
    "BERTScore (P)": 0.601651668548584,
    "BERTScore (R)": 0.7584297060966492,
    "BERTScore (F1)": 0.6710047125816345,
    "Distinct-1": 0.5236220472440944,
    "Distinct-2": 1.1338582677165354,
    "Ensemble": 0.16775117814540863
}