{
    "ROUGE-1": 0.0,
    "ROUGE-2": 0.0,
    "ROUGE-L": 0.0,
    "BERTScore (P)": 0.6077154874801636,
    "BERTScore (R)": 0.7607147693634033,
    "BERTScore (F1)": 0.6756619811058044,
    "Distinct-1": 0.46215139442231074,
    "Distinct-2": 0.9402390438247012,
    "Ensemble": 0.1689154952764511
}