{
    "ROUGE-1": 0.0,
    "ROUGE-2": 0.0,
    "ROUGE-L": 0.0,
    "BERTScore (P)": 0.5944069623947144,
    "BERTScore (R)": 0.7584362030029297,
    "BERTScore (F1)": 0.6664775013923645,
    "Distinct-1": 0.4261744966442953,
    "Distinct-2": 0.9328859060402684,
    "Ensemble": 0.16661937534809113
}