{
    "ROUGE-1": 0.0,
    "ROUGE-2": 0.0,
    "ROUGE-L": 0.0,
    "BERTScore (P)": 0.7328699827194214,
    "BERTScore (R)": 0.7748889327049255,
    "BERTScore (F1)": 0.7532939910888672,
    "Distinct-1": 0.09631147540983606,
    "Distinct-2": 0.7110655737704918,
    "Ensemble": 0.1883234977722168
}