{
    "ROUGE-1": 0.0,
    "ROUGE-2": 0.0,
    "ROUGE-L": 0.0,
    "BERTScore (P)": 0.7365212440490723,
    "BERTScore (R)": 0.7841359376907349,
    "BERTScore (F1)": 0.7595831155776978,
    "Distinct-1": 0.09292929292929293,
    "Distinct-2": 0.7434343434343434,
    "Ensemble": 0.18989577889442444
}