{
    "ROUGE-1": 0.0,
    "ROUGE-2": 0.0,
    "ROUGE-L": 0.0,
    "BERTScore (P)": 0.6111196279525757,
    "BERTScore (R)": 0.7666604518890381,
    "BERTScore (F1)": 0.6801103353500366,
    "Distinct-1": 0.7319148936170212,
    "Distinct-2": 1.5957446808510638,
    "Ensemble": 0.17002758383750916
}