{
    "ROUGE-1": 0.0,
    "ROUGE-2": 0.0,
    "ROUGE-L": 0.0,
    "BERTScore (P)": 0.6080575585365295,
    "BERTScore (R)": 0.7704750895500183,
    "BERTScore (F1)": 0.6796983480453491,
    "Distinct-1": 0.3271889400921659,
    "Distinct-2": 0.6129032258064516,
    "Ensemble": 0.16992458701133728
}