{
    "ROUGE-1": 0.0,
    "ROUGE-2": 0.0,
    "ROUGE-L": 0.0,
    "METEOR": 0.0,
    "BERTScore (P)": 0.6406580805778503,
    "BERTScore (R)": 0.7749136686325073,
    "BERTScore (F1)": 0.7014194130897522,
    "Distinct-1": 0.9444444444444444,
    "Distinct-2": 0.9444444444444444,
    "Ensemble": 0.17535485327243805
}