{
    "ROUGE-1": 0.0,
    "ROUGE-2": 0.0,
    "ROUGE-L": 0.0,
    "METEOR": 0.0,
    "BERTScore (P)": 0.6533133387565613,
    "BERTScore (R)": 0.7591495513916016,
    "BERTScore (F1)": 0.702266275882721,
    "Distinct-1": 0.6666666666666666,
    "Distinct-2": 0.9666666666666667,
    "Ensemble": 0.17556656897068024
}