{
    "ROUGE-1": 0.0,
    "ROUGE-2": 0.0,
    "ROUGE-L": 0.0,
    "METEOR": 0.0,
    "BERTScore (P)": 0.7064224481582642,
    "BERTScore (R)": 0.7802372574806213,
    "BERTScore (F1)": 0.741497278213501,
    "Distinct-1": 0.3354564755838641,
    "Distinct-2": 0.5520169851380042,
    "Ensemble": 0.18537431955337524
}