{
    "ROUGE-1": 0.0,
    "ROUGE-2": 0.0,
    "ROUGE-L": 0.0,
    "METEOR": 0.0,
    "BERTScore (P)": 0.6487109661102295,
    "BERTScore (R)": 0.7756996154785156,
    "BERTScore (F1)": 0.7065446376800537,
    "Distinct-1": 1.0,
    "Distinct-2": 0.9583333333333334,
    "Ensemble": 0.17663615942001343
}