{
    "ROUGE-1": 0.0,
    "ROUGE-2": 0.0,
    "ROUGE-L": 0.0,
    "METEOR": 0.010101010101010104,
    "BERTScore (P)": 0.7339494228363037,
    "BERTScore (R)": 0.7769442796707153,
    "BERTScore (F1)": 0.7548351287841797,
    "Distinct-1": 0.532051282051282,
    "Distinct-2": 0.8867521367521367,
    "Ensemble": 0.18870878219604492
}