{
    "ROUGE-1": 0.0,
    "ROUGE-2": 0.0,
    "ROUGE-L": 0.0,
    "BERTScore (P)": 0.7289062142372131,
    "BERTScore (R)": 0.7791523933410645,
    "BERTScore (F1)": 0.7531923055648804,
    "Distinct-1": 0.09594882729211088,
    "Distinct-2": 0.7803837953091685,
    "Ensemble": 0.1882980763912201
}