{
    "ROUGE-1": 0.0,
    "ROUGE-2": 0.0,
    "ROUGE-L": 0.0,
    "BERTScore (P)": 0.7363709211349487,
    "BERTScore (R)": 0.7705878019332886,
    "BERTScore (F1)": 0.7530908584594727,
    "Distinct-1": 0.08847736625514403,
    "Distinct-2": 0.7551440329218106,
    "Ensemble": 0.18827271461486816
}