{
    "ROUGE-1": 0.0,
    "ROUGE-2": 0.0,
    "ROUGE-L": 0.0,
    "BERTScore (P)": 0.7179014086723328,
    "BERTScore (R)": 0.7761621475219727,
    "BERTScore (F1)": 0.7458958029747009,
    "Distinct-1": 0.08433734939759036,
    "Distinct-2": 0.6224899598393574,
    "Ensemble": 0.18647395074367523
}