{
    "ROUGE-1": 0.0,
    "ROUGE-2": 0.0,
    "ROUGE-L": 0.0,
    "BERTScore (P)": 0.7356126308441162,
    "BERTScore (R)": 0.7710363864898682,
    "BERTScore (F1)": 0.7529080510139465,
    "Distinct-1": 0.14253897550111358,
    "Distinct-2": 1.0111358574610245,
    "Ensemble": 0.18822701275348663
}