{
    "ROUGE-1": 0.0,
    "ROUGE-2": 0.0,
    "ROUGE-L": 0.0,
    "BERTScore (P)": 0.7226143479347229,
    "BERTScore (R)": 0.7718257904052734,
    "BERTScore (F1)": 0.7464098334312439,
    "Distinct-1": 0.08158995815899582,
    "Distinct-2": 0.6903765690376569,
    "Ensemble": 0.18660245835781097
}