{
    "ROUGE-1": 0.0,
    "ROUGE-2": 0.0,
    "ROUGE-L": 0.0,
    "BERTScore (P)": 0.7325152158737183,
    "BERTScore (R)": 0.7699442505836487,
    "BERTScore (F1)": 0.7507635354995728,
    "Distinct-1": 0.125,
    "Distinct-2": 0.9212962962962963,
    "Ensemble": 0.1876908838748932
}