{
    "ROUGE-1": 0.0,
    "ROUGE-2": 0.0,
    "ROUGE-L": 0.0,
    "BERTScore (P)": 0.7335831522941589,
    "BERTScore (R)": 0.7771638631820679,
    "BERTScore (F1)": 0.7547449469566345,
    "Distinct-1": 0.08921161825726141,
    "Distinct-2": 0.7489626556016598,
    "Ensemble": 0.18868623673915863
}