{
    "ROUGE-1": 0.0,
    "ROUGE-2": 0.0,
    "ROUGE-L": 0.0,
    "BERTScore (P)": 0.7277867794036865,
    "BERTScore (R)": 0.7717913389205933,
    "BERTScore (F1)": 0.7491433620452881,
    "Distinct-1": 0.07942973523421588,
    "Distinct-2": 0.6904276985743381,
    "Ensemble": 0.18728584051132202
}