{
    "ROUGE-1": 0.0,
    "ROUGE-2": 0.0,
    "ROUGE-L": 0.0,
    "BERTScore (P)": 0.7345156669616699,
    "BERTScore (R)": 0.7723326683044434,
    "BERTScore (F1)": 0.752949595451355,
    "Distinct-1": 0.11850311850311851,
    "Distinct-2": 0.8877338877338877,
    "Ensemble": 0.18823739886283875
}