{
    "ROUGE-1": 0.0,
    "ROUGE-2": 0.0,
    "ROUGE-L": 0.0,
    "BERTScore (P)": 0.7358479499816895,
    "BERTScore (R)": 0.7743895649909973,
    "BERTScore (F1)": 0.754626989364624,
    "Distinct-1": 0.09861932938856016,
    "Distinct-2": 0.7652859960552268,
    "Ensemble": 0.188656747341156
}