{
    "ROUGE-1": 0.0,
    "ROUGE-2": 0.0,
    "ROUGE-L": 0.0,
    "BERTScore (P)": 0.6061321496963501,
    "BERTScore (R)": 0.752697229385376,
    "BERTScore (F1)": 0.6715103387832642,
    "Distinct-1": 0.24175824175824176,
    "Distinct-2": 0.8296703296703297,
    "Ensemble": 0.16787758469581604
}