{
    "ROUGE-1": 0.0,
    "ROUGE-2": 0.0,
    "ROUGE-L": 0.0,
    "BERTScore (P)": 0.6020679473876953,
    "BERTScore (R)": 0.7698441743850708,
    "BERTScore (F1)": 0.6756970882415771,
    "Distinct-1": 0.19083969465648856,
    "Distinct-2": 1.0305343511450382,
    "Ensemble": 0.1689242720603943
}