{
    "ROUGE-1": 0.0,
    "ROUGE-2": 0.0,
    "ROUGE-L": 0.0,
    "BERTScore (P)": 0.7245611548423767,
    "BERTScore (R)": 0.7752224206924438,
    "BERTScore (F1)": 0.7490361928939819,
    "Distinct-1": 0.09090909090909091,
    "Distinct-2": 0.6962809917355371,
    "Ensemble": 0.18725904822349548
}