{
    "ROUGE-1": 0.0,
    "ROUGE-2": 0.0,
    "ROUGE-L": 0.0,
    "BERTScore (P)": 0.5994364023208618,
    "BERTScore (R)": 0.7698848247528076,
    "BERTScore (F1)": 0.6740521788597107,
    "Distinct-1": 0.23383084577114427,
    "Distinct-2": 1.0199004975124377,
    "Ensemble": 0.16851304471492767
}