{
    "ROUGE-1": 0.0,
    "ROUGE-2": 0.0,
    "ROUGE-L": 0.0,
    "BERTScore (P)": 0.6095679998397827,
    "BERTScore (R)": 0.7607864141464233,
    "BERTScore (F1)": 0.6768337488174438,
    "Distinct-1": 0.25728155339805825,
    "Distinct-2": 1.0922330097087378,
    "Ensemble": 0.16920843720436096
}