{
    "ROUGE-1": 0.0,
    "ROUGE-2": 0.0,
    "ROUGE-L": 0.0,
    "BERTScore (P)": 0.606172502040863,
    "BERTScore (R)": 0.7593441009521484,
    "BERTScore (F1)": 0.6741675138473511,
    "Distinct-1": 0.3259668508287293,
    "Distinct-2": 1.4640883977900552,
    "Ensemble": 0.16854187846183777
}