{
    "ROUGE-1": 0.0,
    "ROUGE-2": 0.0,
    "ROUGE-L": 0.0,
    "BERTScore (P)": 0.5974166989326477,
    "BERTScore (R)": 0.7446726560592651,
    "BERTScore (F1)": 0.6629660725593567,
    "Distinct-1": 0.24468085106382978,
    "Distinct-2": 0.8723404255319149,
    "Ensemble": 0.16574151813983917
}