{
    "ROUGE-1": 0.0,
    "ROUGE-2": 0.0,
    "ROUGE-L": 0.0,
    "BERTScore (P)": 0.6065329313278198,
    "BERTScore (R)": 0.7515292167663574,
    "BERTScore (F1)": 0.6712906360626221,
    "Distinct-1": 0.4748603351955307,
    "Distinct-2": 1.7932960893854748,
    "Ensemble": 0.16782265901565552
}