{
    "ROUGE-1": 0.003976143141153082,
    "ROUGE-2": 0.0,
    "ROUGE-L": 0.003976143141153082,
    "BERTScore (P)": 0.7428680062294006,
    "BERTScore (R)": 0.7855103015899658,
    "BERTScore (F1)": 0.7635943293571472,
    "Distinct-1": 0.1006036217303823,
    "Distinct-2": 0.7022132796780685,
    "Ensemble": 0.19288665390986334
}