{
    "ROUGE-1": 0.0,
    "ROUGE-2": 0.0,
    "ROUGE-L": 0.0,
    "BERTScore (P)": 0.6031782627105713,
    "BERTScore (R)": 0.7589751482009888,
    "BERTScore (F1)": 0.6721670627593994,
    "Distinct-1": 0.2717391304347826,
    "Distinct-2": 1.108695652173913,
    "Ensemble": 0.16804176568984985
}