{
    "ROUGE-1": 0.0,
    "ROUGE-2": 0.0,
    "ROUGE-L": 0.0,
    "METEOR": 0.0,
    "BERTScore (P)": 0.6807416677474976,
    "BERTScore (R)": 0.7715433835983276,
    "BERTScore (F1)": 0.7233038544654846,
    "Distinct-1": 0.5061425061425061,
    "Distinct-2": 0.8894348894348895,
    "Ensemble": 0.18082596361637115
}