{
    "ROUGE-1": 0.0,
    "ROUGE-2": 0.0,
    "ROUGE-L": 0.0,
    "METEOR": 0.0,
    "BERTScore (P)": 0.6736785769462585,
    "BERTScore (R)": 0.7730637788772583,
    "BERTScore (F1)": 0.7199574708938599,
    "Distinct-1": 0.48655913978494625,
    "Distinct-2": 0.8387096774193549,
    "Ensemble": 0.17998936772346497
}