{
    "ROUGE-1": 0.0,
    "ROUGE-2": 0.0,
    "ROUGE-L": 0.0,
    "METEOR": 0.0,
    "BERTScore (P)": 0.6887413263320923,
    "BERTScore (R)": 0.7680212259292603,
    "BERTScore (F1)": 0.7262240052223206,
    "Distinct-1": 0.4931506849315068,
    "Distinct-2": 0.7808219178082192,
    "Ensemble": 0.18155600130558014
}