{
    "ROUGE-1": 0.0,
    "ROUGE-2": 0.0,
    "ROUGE-L": 0.0,
    "METEOR": 0.0,
    "BERTScore (P)": 0.6862366199493408,
    "BERTScore (R)": 0.7540300488471985,
    "BERTScore (F1)": 0.7185378670692444,
    "Distinct-1": 0.5722070844686649,
    "Distinct-2": 0.896457765667575,
    "Ensemble": 0.1796344667673111
}