{
    "ROUGE-1": 0.0,
    "ROUGE-2": 0.0,
    "ROUGE-L": 0.0,
    "METEOR": 0.0,
    "BERTScore (P)": 0.6876201629638672,
    "BERTScore (R)": 0.7715219855308533,
    "BERTScore (F1)": 0.7271588444709778,
    "Distinct-1": 0.422279792746114,
    "Distinct-2": 0.7331606217616581,
    "Ensemble": 0.18178971111774445
}