{
    "ROUGE-1": 0.0,
    "ROUGE-2": 0.0,
    "ROUGE-L": 0.0,
    "BERTScore (P)": 0.6059888005256653,
    "BERTScore (R)": 0.7561841011047363,
    "BERTScore (F1)": 0.6728061437606812,
    "Distinct-1": 0.4246575342465753,
    "Distinct-2": 1.1095890410958904,
    "Ensemble": 0.1682015359401703
}