{
    "ROUGE-1": 0.0,
    "ROUGE-2": 0.0,
    "ROUGE-L": 0.0,
    "BERTScore (P)": 0.6054836511611938,
    "BERTScore (R)": 0.7618275880813599,
    "BERTScore (F1)": 0.674717128276825,
    "Distinct-1": 0.4827586206896552,
    "Distinct-2": 1.1206896551724137,
    "Ensemble": 0.16867928206920624
}