{
    "ROUGE-1": 0.0,
    "ROUGE-2": 0.0,
    "ROUGE-L": 0.0,
    "BERTScore (P)": 0.6377727389335632,
    "BERTScore (R)": 0.7612320184707642,
    "BERTScore (F1)": 0.694054901599884,
    "Distinct-1": 0.03305785123966942,
    "Distinct-2": 0.03305785123966942,
    "Ensemble": 0.173513725399971
}