{
    "ROUGE-1": 0.0,
    "ROUGE-2": 0.0,
    "ROUGE-L": 0.0,
    "BERTScore (P)": 0.6114805340766907,
    "BERTScore (R)": 0.7779085636138916,
    "BERTScore (F1)": 0.6847267746925354,
    "Distinct-1": 0.4166666666666667,
    "Distinct-2": 0.8888888888888888,
    "Ensemble": 0.17118169367313385
}