{
    "ROUGE-1": 0.0,
    "ROUGE-2": 0.0,
    "ROUGE-L": 0.0,
    "BERTScore (P)": 0.6118688583374023,
    "BERTScore (R)": 0.7598813772201538,
    "BERTScore (F1)": 0.6778898239135742,
    "Distinct-1": 0.5454545454545454,
    "Distinct-2": 1.2987012987012987,
    "Ensemble": 0.16947245597839355
}