{
    "ROUGE-1": 0.0,
    "ROUGE-2": 0.0,
    "ROUGE-L": 0.0,
    "BERTScore (P)": 0.5949430465698242,
    "BERTScore (R)": 0.7677161693572998,
    "BERTScore (F1)": 0.6703765392303467,
    "Distinct-1": 0.8909090909090909,
    "Distinct-2": 2.2,
    "Ensemble": 0.16759413480758667
}