{
    "ROUGE-1": 0.0,
    "ROUGE-2": 0.0,
    "ROUGE-L": 0.0,
    "BERTScore (P)": 0.6060199737548828,
    "BERTScore (R)": 0.747547447681427,
    "BERTScore (F1)": 0.669384777545929,
    "Distinct-1": 0.3246753246753247,
    "Distinct-2": 0.6623376623376623,
    "Ensemble": 0.16734619438648224
}