{
    "ROUGE-1": 0.0,
    "ROUGE-2": 0.0,
    "ROUGE-L": 0.0,
    "BERTScore (P)": 0.6079298257827759,
    "BERTScore (R)": 0.7728099822998047,
    "BERTScore (F1)": 0.6805253624916077,
    "Distinct-1": 0.5076923076923077,
    "Distinct-2": 1.5384615384615385,
    "Ensemble": 0.17013134062290192
}