{
    "ROUGE-1": 0.0,
    "ROUGE-2": 0.0,
    "ROUGE-L": 0.0,
    "BERTScore (P)": 0.604519248008728,
    "BERTScore (R)": 0.7634900808334351,
    "BERTScore (F1)": 0.6747679710388184,
    "Distinct-1": 0.4520547945205479,
    "Distinct-2": 1.4246575342465753,
    "Ensemble": 0.1686919927597046
}