{
    "ROUGE-1": 0.0,
    "ROUGE-2": 0.0,
    "ROUGE-L": 0.0,
    "BERTScore (P)": 0.6041311025619507,
    "BERTScore (R)": 0.7650284171104431,
    "BERTScore (F1)": 0.6751258373260498,
    "Distinct-1": 0.546875,
    "Distinct-2": 2.03125,
    "Ensemble": 0.16878145933151245
}