{
    "ROUGE-1": 0.7698412698412699,
    "ROUGE-2": 0.513157894736842,
    "ROUGE-L": 0.7698412698412699,
    "BERTScore (P)": 0.9830428957939148,
    "BERTScore (R)": 0.9846949875354767,
    "BERTScore (F1)": 0.983854204416275,
    "Distinct-1": 0.9545454545454546,
    "Distinct-2": 0.898989898989899,
    "Ensemble": 0.7591736597089142
}