{
    "ROUGE-1": 0.0,
    "ROUGE-2": 0.0,
    "ROUGE-L": 0.0,
    "BERTScore (P)": 0.678753674030304,
    "BERTScore (R)": 0.7765423059463501,
    "BERTScore (F1)": 0.7243624925613403,
    "Distinct-1": 0.13602015113350127,
    "Distinct-2": 0.7858942065491183,
    "Ensemble": 0.18109062314033508
}