{
    "ROUGE-1": 0.0,
    "ROUGE-2": 0.0,
    "ROUGE-L": 0.0,
    "METEOR": 0.0,
    "BERTScore (P)": 0.6883652806282043,
    "BERTScore (R)": 0.7714646458625793,
    "BERTScore (F1)": 0.7275497913360596,
    "Distinct-1": 0.6561604584527221,
    "Distinct-2": 0.9512893982808023,
    "Ensemble": 0.1818874478340149
}