{
    "ROUGE-1": 0.0,
    "ROUGE-2": 0.0,
    "ROUGE-L": 0.0,
    "METEOR": 0.0,
    "BERTScore (P)": 0.7864410281181335,
    "BERTScore (R)": 0.7771514654159546,
    "BERTScore (F1)": 0.7817687392234802,
    "Distinct-1": 0.725,
    "Distinct-2": 0.875,
    "Ensemble": 0.19544218480587006
}