{
    "ROUGE-1": 0.0,
    "ROUGE-2": 0.0,
    "ROUGE-L": 0.0,
    "METEOR": 0.0,
    "BERTScore (P)": 0.6929184794425964,
    "BERTScore (R)": 0.7718913555145264,
    "BERTScore (F1)": 0.7302760481834412,
    "Distinct-1": 0.5829145728643216,
    "Distinct-2": 0.9522613065326633,
    "Ensemble": 0.1825690120458603
}