{
    "ROUGE-1": 0.004784688995215311,
    "ROUGE-2": 0.0,
    "ROUGE-L": 0.004784688995215311,
    "METEOR": 0.023255813953488375,
    "BERTScore (P)": 0.7292031645774841,
    "BERTScore (R)": 0.7741658687591553,
    "BERTScore (F1)": 0.7510120868682861,
    "Distinct-1": 0.6873449131513648,
    "Distinct-2": 0.9702233250620348,
    "Ensemble": 0.1901453662146792
}