{
    "ROUGE-1": 0.0,
    "ROUGE-2": 0.0,
    "ROUGE-L": 0.0,
    "METEOR": 0.0,
    "BERTScore (P)": 0.6792795658111572,
    "BERTScore (R)": 0.7792390584945679,
    "BERTScore (F1)": 0.7258340120315552,
    "Distinct-1": 0.6225165562913907,
    "Distinct-2": 0.9536423841059603,
    "Ensemble": 0.1814585030078888
}