{
    "ROUGE-1": 0.0,
    "ROUGE-2": 0.0,
    "ROUGE-L": 0.0,
    "METEOR": 0.0,
    "BERTScore (P)": 0.725341796875,
    "BERTScore (R)": 0.7745707631111145,
    "BERTScore (F1)": 0.749148428440094,
    "Distinct-1": 0.5481927710843374,
    "Distinct-2": 0.8714859437751004,
    "Ensemble": 0.1872871071100235
}