{
    "ROUGE-1": 0.0,
    "ROUGE-2": 0.0,
    "ROUGE-L": 0.0,
    "BERTScore (P)": 0.6376405954360962,
    "BERTScore (R)": 0.7614864110946655,
    "BERTScore (F1)": 0.6940822601318359,
    "Distinct-1": 0.09365558912386707,
    "Distinct-2": 0.513595166163142,
    "Ensemble": 0.17352056503295898
}