{
    "ROUGE-1": 0.0,
    "ROUGE-2": 0.0,
    "ROUGE-L": 0.0,
    "BERTScore (P)": 0.637647807598114,
    "BERTScore (R)": 0.772773265838623,
    "BERTScore (F1)": 0.698737621307373,
    "Distinct-1": 0.10855263157894737,
    "Distinct-2": 0.5756578947368421,
    "Ensemble": 0.17468440532684326
}