{
    "ROUGE-1": 0.0,
    "ROUGE-2": 0.0,
    "ROUGE-L": 0.0,
    "BERTScore (P)": 0.6015836000442505,
    "BERTScore (R)": 0.7571448087692261,
    "BERTScore (F1)": 0.6704590916633606,
    "Distinct-1": 0.5833333333333334,
    "Distinct-2": 2.0972222222222223,
    "Ensemble": 0.16761477291584015
}