{
    "ROUGE-1": 0.0,
    "ROUGE-2": 0.0,
    "ROUGE-L": 0.0,
    "BERTScore (P)": 0.5995821952819824,
    "BERTScore (R)": 0.7565349340438843,
    "BERTScore (F1)": 0.6689759492874146,
    "Distinct-1": 0.5833333333333334,
    "Distinct-2": 2.1666666666666665,
    "Ensemble": 0.16724398732185364
}