{
    "ROUGE-1": 0.0,
    "ROUGE-2": 0.0,
    "ROUGE-L": 0.0,
    "BERTScore (P)": 0.5963551998138428,
    "BERTScore (R)": 0.7478106021881104,
    "BERTScore (F1)": 0.6635501980781555,
    "Distinct-1": 0.5454545454545454,
    "Distinct-2": 2.142857142857143,
    "Ensemble": 0.16588754951953888
}