{
    "ROUGE-1": 0.0,
    "ROUGE-2": 0.0,
    "ROUGE-L": 0.0,
    "BERTScore (P)": 0.638093888759613,
    "BERTScore (R)": 0.7685180902481079,
    "BERTScore (F1)": 0.6972594261169434,
    "Distinct-1": 0.10888252148997135,
    "Distinct-2": 0.6389684813753582,
    "Ensemble": 0.17431485652923584
}