{
    "ROUGE-1": 0.0,
    "ROUGE-2": 0.0,
    "ROUGE-L": 0.0,
    "BERTScore (P)": 0.6427747011184692,
    "BERTScore (R)": 0.7658993601799011,
    "BERTScore (F1)": 0.6989561915397644,
    "Distinct-1": 0.10955056179775281,
    "Distinct-2": 0.5533707865168539,
    "Ensemble": 0.1747390478849411
}