{
    "ROUGE-1": 0.0,
    "ROUGE-2": 0.0,
    "ROUGE-L": 0.0,
    "BERTScore (P)": 0.6452873945236206,
    "BERTScore (R)": 0.7516989707946777,
    "BERTScore (F1)": 0.6944404244422913,
    "Distinct-1": 0.1357615894039735,
    "Distinct-2": 0.6854304635761589,
    "Ensemble": 0.17361010611057281
}