{
    "ROUGE-1": 0.0,
    "ROUGE-2": 0.0,
    "ROUGE-L": 0.0,
    "BERTScore (P)": 0.6310338973999023,
    "BERTScore (R)": 0.7646502256393433,
    "BERTScore (F1)": 0.6914461851119995,
    "Distinct-1": 0.14925373134328357,
    "Distinct-2": 0.8022388059701493,
    "Ensemble": 0.17286154627799988
}