{
    "ROUGE-1": 0.0,
    "ROUGE-2": 0.0,
    "ROUGE-L": 0.0,
    "BERTScore (P)": 0.6172235012054443,
    "BERTScore (R)": 0.7692067623138428,
    "BERTScore (F1)": 0.684884786605835,
    "Distinct-1": 0.10443037974683544,
    "Distinct-2": 0.5,
    "Ensemble": 0.17122119665145874
}