{
    "ROUGE-1": 0.0,
    "ROUGE-2": 0.0,
    "ROUGE-L": 0.0,
    "METEOR": 0.0,
    "BERTScore (P)": 0.7389175891876221,
    "BERTScore (R)": 0.7686063647270203,
    "BERTScore (F1)": 0.7534696459770203,
    "Distinct-1": 0.5914221218961625,
    "Distinct-2": 0.927765237020316,
    "Ensemble": 0.18836741149425507
}