{
    "ROUGE-1": 0.004024144869215291,
    "ROUGE-2": 0.0,
    "ROUGE-L": 0.004024144869215291,
    "METEOR": 0.009842519685039372,
    "BERTScore (P)": 0.7387250065803528,
    "BERTScore (R)": 0.7672218084335327,
    "BERTScore (F1)": 0.7527037858963013,
    "Distinct-1": 0.5966735966735967,
    "Distinct-2": 0.9355509355509356,
    "Ensemble": 0.19018801890868298
}