{
    "ROUGE-1": 0.0,
    "ROUGE-2": 0.0,
    "ROUGE-L": 0.0,
    "METEOR": 0.0,
    "BERTScore (P)": 0.7234376668930054,
    "BERTScore (R)": 0.770247220993042,
    "BERTScore (F1)": 0.7461089491844177,
    "Distinct-1": 0.5515789473684211,
    "Distinct-2": 0.8968421052631579,
    "Ensemble": 0.18652723729610443
}