{
    "ROUGE-1": 0.0,
    "ROUGE-2": 0.0,
    "ROUGE-L": 0.0,
    "METEOR": 0.0,
    "BERTScore (P)": 0.7186745405197144,
    "BERTScore (R)": 0.7692710161209106,
    "BERTScore (F1)": 0.7431125044822693,
    "Distinct-1": 0.4112734864300626,
    "Distinct-2": 0.7244258872651357,
    "Ensemble": 0.18577812612056732
}