{
    "ROUGE-1": 0.0,
    "ROUGE-2": 0.0,
    "ROUGE-L": 0.0,
    "METEOR": 0.009416195856873824,
    "BERTScore (P)": 0.7357147932052612,
    "BERTScore (R)": 0.7697082757949829,
    "BERTScore (F1)": 0.7523277401924133,
    "Distinct-1": 0.5515873015873016,
    "Distinct-2": 0.9107142857142857,
    "Ensemble": 0.18808193504810333
}