{
    "ROUGE-1": 0.0,
    "ROUGE-2": 0.0,
    "ROUGE-L": 0.0,
    "METEOR": 0.010526315789473686,
    "BERTScore (P)": 0.7319445610046387,
    "BERTScore (R)": 0.7769882082939148,
    "BERTScore (F1)": 0.7537940740585327,
    "Distinct-1": 0.6071428571428571,
    "Distinct-2": 0.9620535714285714,
    "Ensemble": 0.18844851851463318
}