{
    "ROUGE-1": 0.0,
    "ROUGE-2": 0.0,
    "ROUGE-L": 0.0,
    "METEOR": 0.0,
    "BERTScore (P)": 0.785131573677063,
    "BERTScore (R)": 0.7763675451278687,
    "BERTScore (F1)": 0.7807249426841736,
    "Distinct-1": 0.8,
    "Distinct-2": 0.95,
    "Ensemble": 0.1951812356710434
}