{
    "ROUGE-1": 0.0,
    "ROUGE-2": 0.0,
    "ROUGE-L": 0.0,
    "METEOR": 0.011061946902654867,
    "BERTScore (P)": 0.7367166876792908,
    "BERTScore (R)": 0.7802716493606567,
    "BERTScore (F1)": 0.7578689455986023,
    "Distinct-1": 0.5835294117647059,
    "Distinct-2": 0.9317647058823529,
    "Ensemble": 0.18946723639965057
}