{
    "ROUGE-1": 0.0,
    "ROUGE-2": 0.0,
    "ROUGE-L": 0.0,
    "METEOR": 0.0,
    "BERTScore (P)": 0.7292459011077881,
    "BERTScore (R)": 0.7782111763954163,
    "BERTScore (F1)": 0.7529333233833313,
    "Distinct-1": 0.5463182897862233,
    "Distinct-2": 0.8954869358669834,
    "Ensemble": 0.18823333084583282
}