{
    "ROUGE-1": 0.004424778761061947,
    "ROUGE-2": 0.0,
    "ROUGE-L": 0.004424778761061947,
    "METEOR": 0.010706638115631693,
    "BERTScore (P)": 0.7316824793815613,
    "BERTScore (R)": 0.7786421775817871,
    "BERTScore (F1)": 0.7544322609901428,
    "Distinct-1": 0.6454545454545455,
    "Distinct-2": 0.9590909090909091,
    "Ensemble": 0.19082045462806668
}