{
    "ROUGE-1": 0.0,
    "ROUGE-2": 0.0,
    "ROUGE-L": 0.0,
    "METEOR": 0.0,
    "BERTScore (P)": 0.730393648147583,
    "BERTScore (R)": 0.7788577079772949,
    "BERTScore (F1)": 0.753847599029541,
    "Distinct-1": 0.6474358974358975,
    "Distinct-2": 0.907051282051282,
    "Ensemble": 0.18846189975738525
}