{
    "ROUGE-1": 0.0,
    "ROUGE-2": 0.0,
    "ROUGE-L": 0.0,
    "METEOR": 0.0,
    "BERTScore (P)": 0.6381574273109436,
    "BERTScore (R)": 0.7700018286705017,
    "BERTScore (F1)": 0.6979073882102966,
    "Distinct-1": 0.37272727272727274,
    "Distinct-2": 0.5454545454545454,
    "Ensemble": 0.17447684705257416
}