{
    "ROUGE-1": 0.0,
    "ROUGE-2": 0.0,
    "ROUGE-L": 0.0,
    "METEOR": 0.0,
    "BERTScore (P)": 0.6402871608734131,
    "BERTScore (R)": 0.7646475434303284,
    "BERTScore (F1)": 0.696963369846344,
    "Distinct-1": 0.2555066079295154,
    "Distinct-2": 0.34801762114537443,
    "Ensemble": 0.174240842461586
}