{
    "ROUGE-1": 0.0,
    "ROUGE-2": 0.0,
    "ROUGE-L": 0.0,
    "METEOR": 0.0,
    "BERTScore (P)": 0.641991376876831,
    "BERTScore (R)": 0.7708786725997925,
    "BERTScore (F1)": 0.700556218624115,
    "Distinct-1": 0.3090128755364807,
    "Distinct-2": 0.48497854077253216,
    "Ensemble": 0.17513905465602875
}