{
    "ROUGE-1": 0.0,
    "ROUGE-2": 0.0,
    "ROUGE-L": 0.0,
    "METEOR": 0.0,
    "BERTScore (P)": 0.6408188343048096,
    "BERTScore (R)": 0.7701092958450317,
    "BERTScore (F1)": 0.6995402574539185,
    "Distinct-1": 0.44396551724137934,
    "Distinct-2": 0.7370689655172413,
    "Ensemble": 0.17488506436347961
}