{
    "ROUGE-1": 0.0,
    "ROUGE-2": 0.0,
    "ROUGE-L": 0.0,
    "METEOR": 0.0,
    "BERTScore (P)": 0.6475253105163574,
    "BERTScore (R)": 0.7705181837081909,
    "BERTScore (F1)": 0.7036879062652588,
    "Distinct-1": 0.43478260869565216,
    "Distinct-2": 0.758893280632411,
    "Ensemble": 0.1759219765663147
}