{
    "ROUGE-1": 0.0,
    "ROUGE-2": 0.0,
    "ROUGE-L": 0.0,
    "METEOR": 0.0,
    "BERTScore (P)": 0.6058046221733093,
    "BERTScore (R)": 0.7835296988487244,
    "BERTScore (F1)": 0.6832997798919678,
    "Distinct-1": 0.43333333333333335,
    "Distinct-2": 0.7375,
    "Ensemble": 0.17082494497299194
}