{
    "ROUGE-1": 0.0,
    "ROUGE-2": 0.0,
    "ROUGE-L": 0.0,
    "METEOR": 0.0,
    "BERTScore (P)": 0.6031529307365417,
    "BERTScore (R)": 0.7589241862297058,
    "BERTScore (F1)": 0.6721312999725342,
    "Distinct-1": 0.3293172690763052,
    "Distinct-2": 0.6224899598393574,
    "Ensemble": 0.16803282499313354
}