{
    "ROUGE-1": 0.0,
    "ROUGE-2": 0.0,
    "ROUGE-L": 0.0,
    "METEOR": 0.0,
    "BERTScore (P)": 0.5974509716033936,
    "BERTScore (R)": 0.7575552463531494,
    "BERTScore (F1)": 0.6680443286895752,
    "Distinct-1": 0.4732824427480916,
    "Distinct-2": 0.8244274809160306,
    "Ensemble": 0.1670110821723938
}