{
    "ROUGE-1": 0.0,
    "ROUGE-2": 0.0,
    "ROUGE-L": 0.0,
    "METEOR": 0.0,
    "BERTScore (P)": 0.6019221544265747,
    "BERTScore (R)": 0.7556588649749756,
    "BERTScore (F1)": 0.6700856685638428,
    "Distinct-1": 0.5086206896551724,
    "Distinct-2": 0.7758620689655172,
    "Ensemble": 0.1675214171409607
}