{
    "ROUGE-1": 0.0,
    "ROUGE-2": 0.0,
    "ROUGE-L": 0.0,
    "METEOR": 0.009451795841209832,
    "BERTScore (P)": 0.7369699478149414,
    "BERTScore (R)": 0.7846258282661438,
    "BERTScore (F1)": 0.7600516080856323,
    "Distinct-1": 0.5,
    "Distinct-2": 0.8565737051792829,
    "Ensemble": 0.19001290202140808
}