{
    "ROUGE-1": 0.0,
    "ROUGE-2": 0.0,
    "ROUGE-L": 0.0,
    "METEOR": 0.0,
    "BERTScore (P)": 0.7702839374542236,
    "BERTScore (R)": 0.7829957604408264,
    "BERTScore (F1)": 0.7765878438949585,
    "Distinct-1": 0.7288135593220338,
    "Distinct-2": 0.9152542372881356,
    "Ensemble": 0.19414696097373962
}