{
    "ROUGE-1": 0.0,
    "ROUGE-2": 0.0,
    "ROUGE-L": 0.0,
    "METEOR": 0.0,
    "BERTScore (P)": 0.6087007522583008,
    "BERTScore (R)": 0.7705034017562866,
    "BERTScore (F1)": 0.6801110506057739,
    "Distinct-1": 0.6086956521739131,
    "Distinct-2": 0.9409937888198758,
    "Ensemble": 0.17002776265144348
}