{
    "ROUGE-1": 0.0,
    "ROUGE-2": 0.0,
    "ROUGE-L": 0.0,
    "METEOR": 0.0,
    "BERTScore (P)": 0.6092556715011597,
    "BERTScore (R)": 0.7737114429473877,
    "BERTScore (F1)": 0.6817054152488708,
    "Distinct-1": 0.5482954545454546,
    "Distinct-2": 0.8806818181818182,
    "Ensemble": 0.1704263538122177
}