{
    "ROUGE-1": 0.0,
    "ROUGE-2": 0.0,
    "ROUGE-L": 0.0,
    "METEOR": 0.0,
    "BERTScore (P)": 0.618240475654602,
    "BERTScore (R)": 0.7810247540473938,
    "BERTScore (F1)": 0.690163791179657,
    "Distinct-1": 0.6701388888888888,
    "Distinct-2": 0.9375,
    "Ensemble": 0.17254094779491425
}