{
    "ROUGE-1": 0.0,
    "ROUGE-2": 0.0,
    "ROUGE-L": 0.0,
    "METEOR": 0.0,
    "BERTScore (P)": 0.6126751899719238,
    "BERTScore (R)": 0.7794674634933472,
    "BERTScore (F1)": 0.6860796213150024,
    "Distinct-1": 0.6521739130434783,
    "Distinct-2": 0.9217391304347826,
    "Ensemble": 0.1715199053287506
}