{
    "ROUGE-1": 0.0,
    "ROUGE-2": 0.0,
    "ROUGE-L": 0.0,
    "METEOR": 0.0,
    "BERTScore (P)": 0.60955810546875,
    "BERTScore (R)": 0.7747153639793396,
    "BERTScore (F1)": 0.6822842955589294,
    "Distinct-1": 0.4778481012658228,
    "Distinct-2": 0.7721518987341772,
    "Ensemble": 0.17057107388973236
}