{
    "ROUGE-1": 0.0,
    "ROUGE-2": 0.0,
    "ROUGE-L": 0.0,
    "BERTScore (P)": 0.6098994612693787,
    "BERTScore (R)": 0.7592148184776306,
    "BERTScore (F1)": 0.676414966583252,
    "Distinct-1": 0.24680851063829787,
    "Distinct-2": 1.2340425531914894,
    "Ensemble": 0.169103741645813
}