{
    "ROUGE-1": 0.0,
    "ROUGE-2": 0.0,
    "ROUGE-L": 0.0,
    "BERTScore (P)": 0.6003456115722656,
    "BERTScore (R)": 0.7586942911148071,
    "BERTScore (F1)": 0.6702949404716492,
    "Distinct-1": 0.21544715447154472,
    "Distinct-2": 1.146341463414634,
    "Ensemble": 0.1675737351179123
}