{
    "ROUGE-1": 0.0,
    "ROUGE-2": 0.0,
    "ROUGE-L": 0.0,
    "BERTScore (P)": 0.6040520071983337,
    "BERTScore (R)": 0.7593992948532104,
    "BERTScore (F1)": 0.6728757619857788,
    "Distinct-1": 0.2608695652173913,
    "Distinct-2": 1.3434782608695652,
    "Ensemble": 0.1682189404964447
}