{
    "ROUGE-1": 0.0,
    "ROUGE-2": 0.0,
    "ROUGE-L": 0.0,
    "BERTScore (P)": 0.7374982237815857,
    "BERTScore (R)": 0.775550365447998,
    "BERTScore (F1)": 0.7560457587242126,
    "Distinct-1": 0.08754863813229571,
    "Distinct-2": 0.6712062256809338,
    "Ensemble": 0.18901143968105316
}