{
    "ROUGE-1": 0.0,
    "ROUGE-2": 0.0,
    "ROUGE-L": 0.0,
    "BERTScore (P)": 0.601424515247345,
    "BERTScore (R)": 0.767541229724884,
    "BERTScore (F1)": 0.6744042038917542,
    "Distinct-1": 0.2396694214876033,
    "Distinct-2": 1.1900826446280992,
    "Ensemble": 0.16860105097293854
}