{
    "ROUGE-1": 0.0,
    "ROUGE-2": 0.0,
    "ROUGE-L": 0.0,
    "BERTScore (P)": 0.7154513597488403,
    "BERTScore (R)": 0.7765928506851196,
    "BERTScore (F1)": 0.7447693943977356,
    "Distinct-1": 0.09130434782608696,
    "Distinct-2": 0.7326086956521739,
    "Ensemble": 0.1861923485994339
}