{
    "ROUGE-1": 0.0,
    "ROUGE-2": 0.0,
    "ROUGE-L": 0.0,
    "BERTScore (P)": 0.5990524291992188,
    "BERTScore (R)": 0.7847272753715515,
    "BERTScore (F1)": 0.6794329285621643,
    "Distinct-1": 0.2047244094488189,
    "Distinct-2": 1.1377952755905512,
    "Ensemble": 0.16985823214054108
}