{
    "ROUGE-1": 0.0,
    "ROUGE-2": 0.0,
    "ROUGE-L": 0.0,
    "BERTScore (P)": 0.7360053062438965,
    "BERTScore (R)": 0.7784056663513184,
    "BERTScore (F1)": 0.7566119432449341,
    "Distinct-1": 0.09163346613545817,
    "Distinct-2": 0.7171314741035857,
    "Ensemble": 0.18915298581123352
}