{
    "ROUGE-1": 0.0,
    "ROUGE-2": 0.0,
    "ROUGE-L": 0.0,
    "BERTScore (P)": 0.6064949035644531,
    "BERTScore (R)": 0.7587543725967407,
    "BERTScore (F1)": 0.6741342544555664,
    "Distinct-1": 0.21052631578947367,
    "Distinct-2": 1.1862348178137652,
    "Ensemble": 0.1685335636138916
}