{
    "ROUGE-1": 0.0,
    "ROUGE-2": 0.0,
    "ROUGE-L": 0.0,
    "BERTScore (P)": 0.5923794507980347,
    "BERTScore (R)": 0.7352389693260193,
    "BERTScore (F1)": 0.6561229825019836,
    "Distinct-1": 0.199203187250996,
    "Distinct-2": 0.9043824701195219,
    "Ensemble": 0.1640307456254959
}