{
    "ROUGE-1": 0.0,
    "ROUGE-2": 0.0,
    "ROUGE-L": 0.0,
    "BERTScore (P)": 0.5826541781425476,
    "BERTScore (R)": 0.774315595626831,
    "BERTScore (F1)": 0.6649495363235474,
    "Distinct-1": 0.6440677966101694,
    "Distinct-2": 2.2711864406779663,
    "Ensemble": 0.16623738408088684
}