{
    "ROUGE-1": 0.0,
    "ROUGE-2": 0.0,
    "ROUGE-L": 0.0,
    "BERTScore (P)": 0.5722610354423523,
    "BERTScore (R)": 0.7670656442642212,
    "BERTScore (F1)": 0.6554962396621704,
    "Distinct-1": 0.8679245283018868,
    "Distinct-2": 2.9622641509433962,
    "Ensemble": 0.1638740599155426
}