{
    "ROUGE-1": 0.0,
    "ROUGE-2": 0.0,
    "ROUGE-L": 0.0,
    "BERTScore (P)": 0.574783444404602,
    "BERTScore (R)": 0.7651968002319336,
    "BERTScore (F1)": 0.6564611196517944,
    "Distinct-1": 0.609375,
    "Distinct-2": 2.046875,
    "Ensemble": 0.1641152799129486
}