{
    "ROUGE-1": 0.0,
    "ROUGE-2": 0.0,
    "ROUGE-L": 0.0,
    "BERTScore (P)": 0.5791417956352234,
    "BERTScore (R)": 0.7692950963973999,
    "BERTScore (F1)": 0.6608110070228577,
    "Distinct-1": 0.5652173913043478,
    "Distinct-2": 2.1159420289855073,
    "Ensemble": 0.16520275175571442
}