{
    "ROUGE-1": 0.0,
    "ROUGE-2": 0.0,
    "ROUGE-L": 0.0,
    "BERTScore (P)": 0.5849236249923706,
    "BERTScore (R)": 0.7622284293174744,
    "BERTScore (F1)": 0.6619081497192383,
    "Distinct-1": 0.581081081081081,
    "Distinct-2": 2.0675675675675675,
    "Ensemble": 0.16547703742980957
}