{
    "ROUGE-1": 0.0,
    "ROUGE-2": 0.0,
    "ROUGE-L": 0.0,
    "BERTScore (P)": 0.5869370698928833,
    "BERTScore (R)": 0.7732570171356201,
    "BERTScore (F1)": 0.6673359870910645,
    "Distinct-1": 0.625,
    "Distinct-2": 2.40625,
    "Ensemble": 0.1668339967727661
}