{
    "ROUGE-1": 0.0,
    "ROUGE-2": 0.0,
    "ROUGE-L": 0.0,
    "BERTScore (P)": 0.5728551149368286,
    "BERTScore (R)": 0.7693902254104614,
    "BERTScore (F1)": 0.6567341089248657,
    "Distinct-1": 0.6666666666666666,
    "Distinct-2": 2.6666666666666665,
    "Ensemble": 0.16418352723121643
}