{
    "ROUGE-1": 0.0,
    "ROUGE-2": 0.0,
    "ROUGE-L": 0.0,
    "BERTScore (P)": 0.577477753162384,
    "BERTScore (R)": 0.769150972366333,
    "BERTScore (F1)": 0.6596734523773193,
    "Distinct-1": 0.618421052631579,
    "Distinct-2": 2.1052631578947367,
    "Ensemble": 0.16491836309432983
}