{
    "ROUGE-1": 0.0,
    "ROUGE-2": 0.0,
    "ROUGE-L": 0.0,
    "BERTScore (P)": 0.574198842048645,
    "BERTScore (R)": 0.7658957839012146,
    "BERTScore (F1)": 0.6563364863395691,
    "Distinct-1": 0.5625,
    "Distinct-2": 1.921875,
    "Ensemble": 0.16408412158489227
}