{
    "ROUGE-1": 0.0,
    "ROUGE-2": 0.0,
    "ROUGE-L": 0.0,
    "BERTScore (P)": 0.5787343978881836,
    "BERTScore (R)": 0.7696323394775391,
    "BERTScore (F1)": 0.6606699824333191,
    "Distinct-1": 0.547945205479452,
    "Distinct-2": 2.1506849315068495,
    "Ensemble": 0.16516749560832977
}