{
    "ROUGE-1": 0.0,
    "ROUGE-2": 0.0,
    "ROUGE-L": 0.0,
    "BERTScore (P)": 0.6784701943397522,
    "BERTScore (R)": 0.7813379168510437,
    "BERTScore (F1)": 0.7262796759605408,
    "Distinct-1": 0.09555555555555556,
    "Distinct-2": 0.6777777777777778,
    "Ensemble": 0.1815699189901352
}