{
    "ROUGE-1": 0.0,
    "ROUGE-2": 0.0,
    "ROUGE-L": 0.0,
    "BERTScore (P)": 0.7358065843582153,
    "BERTScore (R)": 0.7781851291656494,
    "BERTScore (F1)": 0.7564027309417725,
    "Distinct-1": 0.11434511434511435,
    "Distinct-2": 0.8586278586278586,
    "Ensemble": 0.18910068273544312
}