{
    "ROUGE-1": 0.0,
    "ROUGE-2": 0.0,
    "ROUGE-L": 0.0,
    "BERTScore (P)": 0.7357615828514099,
    "BERTScore (R)": 0.7768975496292114,
    "BERTScore (F1)": 0.755770206451416,
    "Distinct-1": 0.11496746203904555,
    "Distinct-2": 0.8828633405639913,
    "Ensemble": 0.188942551612854
}