{
    "ROUGE-1": 0.0,
    "ROUGE-2": 0.0,
    "ROUGE-L": 0.0,
    "BERTScore (P)": 0.701620876789093,
    "BERTScore (R)": 0.7717527747154236,
    "BERTScore (F1)": 0.735017716884613,
    "Distinct-1": 0.12424242424242424,
    "Distinct-2": 0.9393939393939394,
    "Ensemble": 0.18375442922115326
}