{
    "ROUGE-1": 0.0,
    "ROUGE-2": 0.0,
    "ROUGE-L": 0.0,
    "BERTScore (P)": 0.7017859220504761,
    "BERTScore (R)": 0.7789793610572815,
    "BERTScore (F1)": 0.7383705377578735,
    "Distinct-1": 0.08771929824561403,
    "Distinct-2": 0.6644736842105263,
    "Ensemble": 0.18459263443946838
}