{
    "ROUGE-1": 0.0,
    "ROUGE-2": 0.0,
    "ROUGE-L": 0.0,
    "BERTScore (P)": 0.7189556956291199,
    "BERTScore (R)": 0.7788044214248657,
    "BERTScore (F1)": 0.7476842999458313,
    "Distinct-1": 0.11450381679389313,
    "Distinct-2": 0.8346055979643766,
    "Ensemble": 0.18692107498645782
}