{
    "ROUGE-1": 0.0,
    "ROUGE-2": 0.0,
    "ROUGE-L": 0.0,
    "BERTScore (P)": 0.7012143135070801,
    "BERTScore (R)": 0.7707350850105286,
    "BERTScore (F1)": 0.7343329787254333,
    "Distinct-1": 0.12727272727272726,
    "Distinct-2": 0.8649350649350649,
    "Ensemble": 0.18358324468135834
}