{
    "ROUGE-1": 0.0,
    "ROUGE-2": 0.0,
    "ROUGE-L": 0.0,
    "BERTScore (P)": 0.7285540103912354,
    "BERTScore (R)": 0.7765308022499084,
    "BERTScore (F1)": 0.7517777681350708,
    "Distinct-1": 0.11682242990654206,
    "Distinct-2": 0.9112149532710281,
    "Ensemble": 0.1879444420337677
}