{
    "ROUGE-1": 0.0,
    "ROUGE-2": 0.0,
    "ROUGE-L": 0.0,
    "BERTScore (P)": 0.7018399238586426,
    "BERTScore (R)": 0.7689372897148132,
    "BERTScore (F1)": 0.733858048915863,
    "Distinct-1": 0.09153318077803203,
    "Distinct-2": 0.7528604118993135,
    "Ensemble": 0.18346451222896576
}