{
    "ROUGE-1": 0.0,
    "ROUGE-2": 0.0,
    "ROUGE-L": 0.0,
    "BERTScore (P)": 0.7251465320587158,
    "BERTScore (R)": 0.7690494656562805,
    "BERTScore (F1)": 0.746453046798706,
    "Distinct-1": 0.16831683168316833,
    "Distinct-2": 1.1287128712871286,
    "Ensemble": 0.1866132616996765
}