{
    "ROUGE-1": 0.0,
    "ROUGE-2": 0.0,
    "ROUGE-L": 0.0,
    "METEOR": 0.0,
    "BERTScore (P)": 0.675007700920105,
    "BERTScore (R)": 0.767308235168457,
    "BERTScore (F1)": 0.7182046175003052,
    "Distinct-1": 0.5465116279069767,
    "Distinct-2": 0.9186046511627907,
    "Ensemble": 0.1795511543750763
}