{
    "ROUGE-1": 0.0,
    "ROUGE-2": 0.0,
    "ROUGE-L": 0.0,
    "METEOR": 0.0,
    "BERTScore (P)": 0.6782770752906799,
    "BERTScore (R)": 0.770667552947998,
    "BERTScore (F1)": 0.7215267419815063,
    "Distinct-1": 0.5498721227621484,
    "Distinct-2": 0.9130434782608695,
    "Ensemble": 0.1803816854953766
}