{
    "ROUGE-1": 0.0,
    "ROUGE-2": 0.0,
    "ROUGE-L": 0.0,
    "METEOR": 0.0,
    "BERTScore (P)": 0.6818585395812988,
    "BERTScore (R)": 0.764091968536377,
    "BERTScore (F1)": 0.7206369042396545,
    "Distinct-1": 0.5773480662983426,
    "Distinct-2": 0.8950276243093923,
    "Ensemble": 0.18015922605991364
}