{
    "ROUGE-1": 0.0,
    "ROUGE-2": 0.0,
    "ROUGE-L": 0.0,
    "METEOR": 0.0,
    "BERTScore (P)": 0.6756099462509155,
    "BERTScore (R)": 0.7733215689659119,
    "BERTScore (F1)": 0.7211710810661316,
    "Distinct-1": 0.4032258064516129,
    "Distinct-2": 0.7043010752688172,
    "Ensemble": 0.1802927702665329
}