{
    "ROUGE-1": 0.0,
    "ROUGE-2": 0.0,
    "ROUGE-L": 0.0,
    "METEOR": 0.0,
    "BERTScore (P)": 0.6671423316001892,
    "BERTScore (R)": 0.7610642910003662,
    "BERTScore (F1)": 0.7110150456428528,
    "Distinct-1": 0.5434173669467787,
    "Distinct-2": 0.8683473389355743,
    "Ensemble": 0.1777537614107132
}