{
    "ROUGE-1": 0.004166666666666667,
    "ROUGE-2": 0.0,
    "ROUGE-L": 0.004166666666666667,
    "BERTScore (P)": 0.736763060092926,
    "BERTScore (R)": 0.7694097757339478,
    "BERTScore (F1)": 0.7527325749397278,
    "Distinct-1": 0.11013215859030837,
    "Distinct-2": 0.8722466960352423,
    "Ensemble": 0.19026647706826527
}