{
    "ROUGE-1": 0.0,
    "ROUGE-2": 0.0,
    "ROUGE-L": 0.0,
    "BERTScore (P)": 0.73714679479599,
    "BERTScore (R)": 0.7742303609848022,
    "BERTScore (F1)": 0.7552337050437927,
    "Distinct-1": 0.13004484304932734,
    "Distinct-2": 0.9484304932735426,
    "Ensemble": 0.18880842626094818
}