{
    "ROUGE-1": 0.0,
    "ROUGE-2": 0.0,
    "ROUGE-L": 0.0,
    "BERTScore (P)": 0.7357771396636963,
    "BERTScore (R)": 0.7686747908592224,
    "BERTScore (F1)": 0.7518662214279175,
    "Distinct-1": 0.09691629955947137,
    "Distinct-2": 0.7533039647577092,
    "Ensemble": 0.18796655535697937
}