{
    "ROUGE-1": 0.0,
    "ROUGE-2": 0.0,
    "ROUGE-L": 0.0,
    "BERTScore (P)": 0.7285705804824829,
    "BERTScore (R)": 0.7704393863677979,
    "BERTScore (F1)": 0.7489202618598938,
    "Distinct-1": 0.0814663951120163,
    "Distinct-2": 0.6924643584521385,
    "Ensemble": 0.18723006546497345
}