{
    "ROUGE-1": 0.0,
    "ROUGE-2": 0.0,
    "ROUGE-L": 0.0,
    "BERTScore (P)": 0.7325413227081299,
    "BERTScore (R)": 0.7758147716522217,
    "BERTScore (F1)": 0.7535573244094849,
    "Distinct-1": 0.07827788649706457,
    "Distinct-2": 0.6594911937377691,
    "Ensemble": 0.18838933110237122
}