{
    "ROUGE-1": 0.0,
    "ROUGE-2": 0.0,
    "ROUGE-L": 0.0,
    "BERTScore (P)": 0.6244515180587769,
    "BERTScore (R)": 0.7766219973564148,
    "BERTScore (F1)": 0.6922731995582581,
    "Distinct-1": 0.14285714285714285,
    "Distinct-2": 0.8107142857142857,
    "Ensemble": 0.17306829988956451
}