{
    "ROUGE-1": 0.0,
    "ROUGE-2": 0.0,
    "ROUGE-L": 0.0,
    "BERTScore (P)": 0.7197674512863159,
    "BERTScore (R)": 0.7768840789794922,
    "BERTScore (F1)": 0.7472358345985413,
    "Distinct-1": 0.08979591836734693,
    "Distinct-2": 0.689795918367347,
    "Ensemble": 0.18680895864963531
}