{
    "ROUGE-1": 0.0,
    "ROUGE-2": 0.0,
    "ROUGE-L": 0.0,
    "BERTScore (P)": 0.7215925455093384,
    "BERTScore (R)": 0.7791277170181274,
    "BERTScore (F1)": 0.7492572665214539,
    "Distinct-1": 0.07862903225806452,
    "Distinct-2": 0.6451612903225806,
    "Ensemble": 0.18731431663036346
}