{
    "ROUGE-1": 0.003976143141153082,
    "ROUGE-2": 0.0,
    "ROUGE-L": 0.003976143141153082,
    "BERTScore (P)": 0.7391600608825684,
    "BERTScore (R)": 0.7854412794113159,
    "BERTScore (F1)": 0.7615982294082642,
    "Distinct-1": 0.09183673469387756,
    "Distinct-2": 0.7408163265306122,
    "Ensemble": 0.19238762892264258
}