{
    "ROUGE-1": 0.0,
    "ROUGE-2": 0.0,
    "ROUGE-L": 0.0,
    "BERTScore (P)": 0.7277114987373352,
    "BERTScore (R)": 0.7769588232040405,
    "BERTScore (F1)": 0.7515291571617126,
    "Distinct-1": 0.09978768577494693,
    "Distinct-2": 0.7558386411889597,
    "Ensemble": 0.18788228929042816
}