{
    "ROUGE-1": 0.0,
    "ROUGE-2": 0.0,
    "ROUGE-L": 0.0,
    "BERTScore (P)": 0.6020454168319702,
    "BERTScore (R)": 0.7590731978416443,
    "BERTScore (F1)": 0.6715014576911926,
    "Distinct-1": 0.22727272727272727,
    "Distinct-2": 1.4181818181818182,
    "Ensemble": 0.16787536442279816
}