{
    "ROUGE-1": 0.0,
    "ROUGE-2": 0.0,
    "ROUGE-L": 0.0,
    "BERTScore (P)": 0.6073739528656006,
    "BERTScore (R)": 0.7601042985916138,
    "BERTScore (F1)": 0.6752100586891174,
    "Distinct-1": 0.19672131147540983,
    "Distinct-2": 1.1434426229508197,
    "Ensemble": 0.16880251467227936
}