{
    "ROUGE-1": 0.0,
    "ROUGE-2": 0.0,
    "ROUGE-L": 0.0,
    "BERTScore (P)": 0.6037318706512451,
    "BERTScore (R)": 0.753912091255188,
    "BERTScore (F1)": 0.6705156564712524,
    "Distinct-1": 0.18181818181818182,
    "Distinct-2": 1.1341991341991342,
    "Ensemble": 0.1676289141178131
}