{
    "ROUGE-1": 0.0,
    "ROUGE-2": 0.0,
    "ROUGE-L": 0.0,
    "BERTScore (P)": 0.5995597243309021,
    "BERTScore (R)": 0.7625194191932678,
    "BERTScore (F1)": 0.6712912917137146,
    "Distinct-1": 0.1520912547528517,
    "Distinct-2": 0.8897338403041825,
    "Ensemble": 0.16782282292842865
}