{
    "ROUGE-1": 0.0,
    "ROUGE-2": 0.0,
    "ROUGE-L": 0.0,
    "BERTScore (P)": 0.5989190936088562,
    "BERTScore (R)": 0.765867292881012,
    "BERTScore (F1)": 0.6721822023391724,
    "Distinct-1": 0.15289256198347106,
    "Distinct-2": 0.9545454545454546,
    "Ensemble": 0.1680455505847931
}