{
    "ROUGE-1": 0.0,
    "ROUGE-2": 0.0,
    "ROUGE-L": 0.0,
    "BERTScore (P)": 0.6193923354148865,
    "BERTScore (R)": 0.7655972838401794,
    "BERTScore (F1)": 0.6847777962684631,
    "Distinct-1": 0.07,
    "Distinct-2": 0.1,
    "Ensemble": 0.17119444906711578
}