{
    "ROUGE-1": 0.0,
    "ROUGE-2": 0.0,
    "ROUGE-L": 0.0,
    "BERTScore (P)": 0.6027751564979553,
    "BERTScore (R)": 0.7681787610054016,
    "BERTScore (F1)": 0.6754990816116333,
    "Distinct-1": 0.18859649122807018,
    "Distinct-2": 1.030701754385965,
    "Ensemble": 0.16887477040290833
}