{
    "ROUGE-1": 0.0,
    "ROUGE-2": 0.0,
    "ROUGE-L": 0.0,
    "BERTScore (P)": 0.6090813875198364,
    "BERTScore (R)": 0.7705042362213135,
    "BERTScore (F1)": 0.6803489327430725,
    "Distinct-1": 0.17063492063492064,
    "Distinct-2": 0.8134920634920635,
    "Ensemble": 0.17008723318576813
}