{
    "ROUGE-1": 0.0,
    "ROUGE-2": 0.0,
    "ROUGE-L": 0.0,
    "BERTScore (P)": 0.6015870571136475,
    "BERTScore (R)": 0.7664029002189636,
    "BERTScore (F1)": 0.674066424369812,
    "Distinct-1": 0.19262295081967212,
    "Distinct-2": 1.069672131147541,
    "Ensemble": 0.168516606092453
}