{
    "ROUGE-1": 0.0,
    "ROUGE-2": 0.0,
    "ROUGE-L": 0.0,
    "BERTScore (P)": 0.603704571723938,
    "BERTScore (R)": 0.7643083333969116,
    "BERTScore (F1)": 0.6745790243148804,
    "Distinct-1": 0.25925925925925924,
    "Distinct-2": 1.4197530864197532,
    "Ensemble": 0.1686447560787201
}