{
    "ROUGE-1": 0.0,
    "ROUGE-2": 0.0,
    "ROUGE-L": 0.0,
    "BERTScore (P)": 0.5948727130889893,
    "BERTScore (R)": 0.7768152952194214,
    "BERTScore (F1)": 0.6737774610519409,
    "Distinct-1": 0.5121951219512195,
    "Distinct-2": 2.1219512195121952,
    "Ensemble": 0.16844436526298523
}