{
    "ROUGE-1": 0.0,
    "ROUGE-2": 0.0,
    "ROUGE-L": 0.0,
    "BERTScore (P)": 0.5944727659225464,
    "BERTScore (R)": 0.7767970561981201,
    "BERTScore (F1)": 0.6735139489173889,
    "Distinct-1": 0.6046511627906976,
    "Distinct-2": 2.2093023255813953,
    "Ensemble": 0.16837848722934723
}