{
    "ROUGE-1": 0.0,
    "ROUGE-2": 0.0,
    "ROUGE-L": 0.0,
    "BERTScore (P)": 0.5953068733215332,
    "BERTScore (R)": 0.7643564939498901,
    "BERTScore (F1)": 0.6693225502967834,
    "Distinct-1": 0.5679012345679012,
    "Distinct-2": 2.197530864197531,
    "Ensemble": 0.16733063757419586
}