{
    "ROUGE-1": 0.0,
    "ROUGE-2": 0.0,
    "ROUGE-L": 0.0,
    "BERTScore (P)": 0.5963518619537354,
    "BERTScore (R)": 0.7793058156967163,
    "BERTScore (F1)": 0.6756629943847656,
    "Distinct-1": 0.5949367088607594,
    "Distinct-2": 2.4683544303797467,
    "Ensemble": 0.1689157485961914
}