{
    "ROUGE-1": 0.0,
    "ROUGE-2": 0.0,
    "ROUGE-L": 0.0,
    "BERTScore (P)": 0.6096050143241882,
    "BERTScore (R)": 0.7691823244094849,
    "BERTScore (F1)": 0.6801591515541077,
    "Distinct-1": 0.38144329896907214,
    "Distinct-2": 1.5463917525773196,
    "Ensemble": 0.17003978788852692
}