{
    "ROUGE-1": 0.0,
    "ROUGE-2": 0.0,
    "ROUGE-L": 0.0,
    "BERTScore (P)": 0.5905644297599792,
    "BERTScore (R)": 0.777886152267456,
    "BERTScore (F1)": 0.6714044213294983,
    "Distinct-1": 0.5,
    "Distinct-2": 2.0348837209302326,
    "Ensemble": 0.16785110533237457
}