{
    "ROUGE-1": 0.0,
    "ROUGE-2": 0.0,
    "ROUGE-L": 0.0,
    "BERTScore (P)": 0.5906030535697937,
    "BERTScore (R)": 0.7596756219863892,
    "BERTScore (F1)": 0.6645543575286865,
    "Distinct-1": 0.575,
    "Distinct-2": 2.5875,
    "Ensemble": 0.16613858938217163
}