{
    "ROUGE-1": 0.0,
    "ROUGE-2": 0.0,
    "ROUGE-L": 0.0,
    "BERTScore (P)": 0.5975669622421265,
    "BERTScore (R)": 0.7623438835144043,
    "BERTScore (F1)": 0.6699725985527039,
    "Distinct-1": 0.4777777777777778,
    "Distinct-2": 2.033333333333333,
    "Ensemble": 0.16749314963817596
}