{
    "ROUGE-1": 0.0,
    "ROUGE-2": 0.0,
    "ROUGE-L": 0.0,
    "BERTScore (P)": 0.5978503227233887,
    "BERTScore (R)": 0.7690337896347046,
    "BERTScore (F1)": 0.6727228760719299,
    "Distinct-1": 0.5054945054945055,
    "Distinct-2": 2.098901098901099,
    "Ensemble": 0.16818071901798248
}