{
    "ROUGE-1": 0.0,
    "ROUGE-2": 0.0,
    "ROUGE-L": 0.0,
    "BERTScore (P)": 0.5970678329467773,
    "BERTScore (R)": 0.7603753805160522,
    "BERTScore (F1)": 0.6688982248306274,
    "Distinct-1": 0.5679012345679012,
    "Distinct-2": 2.049382716049383,
    "Ensemble": 0.16722455620765686
}