{
    "ROUGE-1": 0.0,
    "ROUGE-2": 0.0,
    "ROUGE-L": 0.0,
    "METEOR": 0.0,
    "BERTScore (P)": 0.6297717094421387,
    "BERTScore (R)": 0.779789924621582,
    "BERTScore (F1)": 0.6967976689338684,
    "Distinct-1": 0.8298755186721992,
    "Distinct-2": 0.991701244813278,
    "Ensemble": 0.1741994172334671
}