{
    "ROUGE-1": 0.0,
    "ROUGE-2": 0.0,
    "ROUGE-L": 0.0,
    "METEOR": 0.0,
    "BERTScore (P)": 0.5979408025741577,
    "BERTScore (R)": 0.7806609869003296,
    "BERTScore (F1)": 0.6771920323371887,
    "Distinct-1": 0.7904761904761904,
    "Distinct-2": 0.8476190476190476,
    "Ensemble": 0.16929800808429718
}