{
    "ROUGE-1": 0.0,
    "ROUGE-2": 0.0,
    "ROUGE-L": 0.0,
    "METEOR": 0.0,
    "BERTScore (P)": 0.767481803894043,
    "BERTScore (R)": 0.7754837870597839,
    "BERTScore (F1)": 0.7714620232582092,
    "Distinct-1": 0.6938775510204082,
    "Distinct-2": 0.8775510204081632,
    "Ensemble": 0.1928655058145523
}