{
    "ROUGE-1": 0.0,
    "ROUGE-2": 0.0,
    "ROUGE-L": 0.0,
    "METEOR": 0.0,
    "BERTScore (P)": 0.6368999481201172,
    "BERTScore (R)": 0.7722796201705933,
    "BERTScore (F1)": 0.6980868577957153,
    "Distinct-1": 0.5743944636678201,
    "Distinct-2": 0.8615916955017301,
    "Ensemble": 0.17452171444892883
}