{
    "ROUGE-1": 0.0,
    "ROUGE-2": 0.0,
    "ROUGE-L": 0.0,
    "METEOR": 0.0,
    "BERTScore (P)": 0.6266818642616272,
    "BERTScore (R)": 0.78004390001297,
    "BERTScore (F1)": 0.695003092288971,
    "Distinct-1": 0.8343558282208589,
    "Distinct-2": 0.9754601226993865,
    "Ensemble": 0.17375077307224274
}