{
    "ROUGE-1": 0.0,
    "ROUGE-2": 0.0,
    "ROUGE-L": 0.0,
    "METEOR": 0.0,
    "BERTScore (P)": 0.5890759229660034,
    "BERTScore (R)": 0.7831766605377197,
    "BERTScore (F1)": 0.6723988056182861,
    "Distinct-1": 0.4431818181818182,
    "Distinct-2": 0.48863636363636365,
    "Ensemble": 0.16809970140457153
}