{
    "ROUGE-1": 0.0,
    "ROUGE-2": 0.0,
    "ROUGE-L": 0.0,
    "BERTScore (P)": 0.6225290298461914,
    "BERTScore (R)": 0.7840111255645752,
    "BERTScore (F1)": 0.6940003633499146,
    "Distinct-1": 0.15925925925925927,
    "Distinct-2": 1.1555555555555554,
    "Ensemble": 0.17350009083747864
}