{
    "ROUGE-1": 0.0,
    "ROUGE-2": 0.0,
    "ROUGE-L": 0.0,
    "BERTScore (P)": 0.6206972599029541,
    "BERTScore (R)": 0.7618856430053711,
    "BERTScore (F1)": 0.6840824484825134,
    "Distinct-1": 0.1556420233463035,
    "Distinct-2": 1.1245136186770428,
    "Ensemble": 0.17102061212062836
}