{
    "ROUGE-1": 0.0,
    "ROUGE-2": 0.0,
    "ROUGE-L": 0.0,
    "BERTScore (P)": 0.6192238926887512,
    "BERTScore (R)": 0.7607120871543884,
    "BERTScore (F1)": 0.6827144026756287,
    "Distinct-1": 0.1423728813559322,
    "Distinct-2": 1.1966101694915254,
    "Ensemble": 0.17067860066890717
}