{
    "ROUGE-1": 0.0,
    "ROUGE-2": 0.0,
    "ROUGE-L": 0.0,
    "BERTScore (P)": 0.61907958984375,
    "BERTScore (R)": 0.7608188390731812,
    "BERTScore (F1)": 0.6826696991920471,
    "Distinct-1": 0.13815789473684212,
    "Distinct-2": 0.8486842105263158,
    "Ensemble": 0.17066742479801178
}