{
    "ROUGE-1": 0.0,
    "ROUGE-2": 0.0,
    "ROUGE-L": 0.0,
    "BERTScore (P)": 0.6176573038101196,
    "BERTScore (R)": 0.7796097993850708,
    "BERTScore (F1)": 0.6892478466033936,
    "Distinct-1": 0.23008849557522124,
    "Distinct-2": 1.3982300884955752,
    "Ensemble": 0.1723119616508484
}