{
    "ROUGE-1": 0.0,
    "ROUGE-2": 0.0,
    "ROUGE-L": 0.0,
    "BERTScore (P)": 0.6141321659088135,
    "BERTScore (R)": 0.7605978846549988,
    "BERTScore (F1)": 0.6795626282691956,
    "Distinct-1": 0.132013201320132,
    "Distinct-2": 0.7227722772277227,
    "Ensemble": 0.1698906570672989
}