{
    "ROUGE-1": 0.0,
    "ROUGE-2": 0.0,
    "ROUGE-L": 0.0,
    "BERTScore (P)": 0.6158579587936401,
    "BERTScore (R)": 0.7543824315071106,
    "BERTScore (F1)": 0.678118109703064,
    "Distinct-1": 0.15613382899628253,
    "Distinct-2": 1.104089219330855,
    "Ensemble": 0.169529527425766
}