{
    "ROUGE-1": 0.0,
    "ROUGE-2": 0.0,
    "ROUGE-L": 0.0,
    "BERTScore (P)": 0.6232432126998901,
    "BERTScore (R)": 0.7760123610496521,
    "BERTScore (F1)": 0.6912882328033447,
    "Distinct-1": 0.15827338129496402,
    "Distinct-2": 0.9712230215827338,
    "Ensemble": 0.17282205820083618
}