{
    "ROUGE-1": 0.0,
    "ROUGE-2": 0.0,
    "ROUGE-L": 0.0,
    "BERTScore (P)": 0.625218391418457,
    "BERTScore (R)": 0.7644446492195129,
    "BERTScore (F1)": 0.6878572106361389,
    "Distinct-1": 0.15648854961832062,
    "Distinct-2": 0.9198473282442748,
    "Ensemble": 0.17196430265903473
}