{
    "ROUGE-1": 0.0,
    "ROUGE-2": 0.0,
    "ROUGE-L": 0.0,
    "BERTScore (P)": 0.6252526044845581,
    "BERTScore (R)": 0.7839353084564209,
    "BERTScore (F1)": 0.6956596970558167,
    "Distinct-1": 0.13745704467353953,
    "Distinct-2": 0.9347079037800687,
    "Ensemble": 0.17391492426395416
}