{
    "ROUGE-1": 0.0,
    "ROUGE-2": 0.0,
    "ROUGE-L": 0.0,
    "METEOR": 0.0,
    "BERTScore (P)": 0.6687625646591187,
    "BERTScore (R)": 0.7663382887840271,
    "BERTScore (F1)": 0.7142332792282104,
    "Distinct-1": 0.5183098591549296,
    "Distinct-2": 0.8535211267605634,
    "Ensemble": 0.1785583198070526
}