{
    "ROUGE-1": 0.0,
    "ROUGE-2": 0.0,
    "ROUGE-L": 0.0,
    "METEOR": 0.0,
    "BERTScore (P)": 0.6751149892807007,
    "BERTScore (R)": 0.7711571455001831,
    "BERTScore (F1)": 0.7199471592903137,
    "Distinct-1": 0.37464788732394366,
    "Distinct-2": 0.6140845070422535,
    "Ensemble": 0.17998678982257843
}