{
    "ROUGE-1": 0.0,
    "ROUGE-2": 0.0,
    "ROUGE-L": 0.0,
    "METEOR": 0.0,
    "BERTScore (P)": 0.6772445440292358,
    "BERTScore (R)": 0.7731513977050781,
    "BERTScore (F1)": 0.722027063369751,
    "Distinct-1": 0.5013192612137203,
    "Distinct-2": 0.862796833773087,
    "Ensemble": 0.18050676584243774
}