{
    "ROUGE-1": 0.0,
    "ROUGE-2": 0.0,
    "ROUGE-L": 0.0,
    "METEOR": 0.0,
    "BERTScore (P)": 0.6839320063591003,
    "BERTScore (R)": 0.7726898193359375,
    "BERTScore (F1)": 0.7256066799163818,
    "Distinct-1": 0.5631868131868132,
    "Distinct-2": 0.8956043956043956,
    "Ensemble": 0.18140166997909546
}