{
    "ROUGE-1": 0.0,
    "ROUGE-2": 0.0,
    "ROUGE-L": 0.0,
    "METEOR": 0.0,
    "BERTScore (P)": 0.6807378530502319,
    "BERTScore (R)": 0.7693628072738647,
    "BERTScore (F1)": 0.7223421335220337,
    "Distinct-1": 0.5155807365439093,
    "Distinct-2": 0.9036827195467422,
    "Ensemble": 0.18058553338050842
}