{
    "ROUGE-1": 0.0,
    "ROUGE-2": 0.0,
    "ROUGE-L": 0.0,
    "METEOR": 0.0,
    "BERTScore (P)": 0.6859221458435059,
    "BERTScore (R)": 0.7720454931259155,
    "BERTScore (F1)": 0.7264401912689209,
    "Distinct-1": 0.4914004914004914,
    "Distinct-2": 0.8673218673218673,
    "Ensemble": 0.18161004781723022
}