{
    "ROUGE-1": 0.0,
    "ROUGE-2": 0.0,
    "ROUGE-L": 0.0,
    "METEOR": 0.0,
    "BERTScore (P)": 0.6802799701690674,
    "BERTScore (R)": 0.7624671459197998,
    "BERTScore (F1)": 0.7190326452255249,
    "Distinct-1": 0.3994708994708995,
    "Distinct-2": 0.6851851851851852,
    "Ensemble": 0.17975816130638123
}