{
    "ROUGE-1": 0.0,
    "ROUGE-2": 0.0,
    "ROUGE-L": 0.0,
    "METEOR": 0.0,
    "BERTScore (P)": 0.6935551166534424,
    "BERTScore (R)": 0.7646728754043579,
    "BERTScore (F1)": 0.7273797392845154,
    "Distinct-1": 0.609375,
    "Distinct-2": 0.953125,
    "Ensemble": 0.18184493482112885
}