{
    "ROUGE-1": 0.0,
    "ROUGE-2": 0.0,
    "ROUGE-L": 0.0,
    "METEOR": 0.0,
    "BERTScore (P)": 0.6825590133666992,
    "BERTScore (R)": 0.767130970954895,
    "BERTScore (F1)": 0.7223780751228333,
    "Distinct-1": 0.4869791666666667,
    "Distinct-2": 0.84375,
    "Ensemble": 0.1805945187807083
}