{
    "ROUGE-1": 0.0,
    "ROUGE-2": 0.0,
    "ROUGE-L": 0.0,
    "METEOR": 0.0,
    "BERTScore (P)": 0.6863732933998108,
    "BERTScore (R)": 0.7600153684616089,
    "BERTScore (F1)": 0.7213195562362671,
    "Distinct-1": 0.5294117647058824,
    "Distinct-2": 0.8618925831202046,
    "Ensemble": 0.18032988905906677
}