{
    "ROUGE-1": 0.0,
    "ROUGE-2": 0.0,
    "ROUGE-L": 0.0,
    "METEOR": 0.0,
    "BERTScore (P)": 0.7380077838897705,
    "BERTScore (R)": 0.7728065252304077,
    "BERTScore (F1)": 0.7550063729286194,
    "Distinct-1": 0.5470588235294118,
    "Distinct-2": 0.9117647058823529,
    "Ensemble": 0.18875159323215485
}