{
    "ROUGE-1": 0.0,
    "ROUGE-2": 0.0,
    "ROUGE-L": 0.0,
    "METEOR": 0.009842519685039372,
    "BERTScore (P)": 0.7310794591903687,
    "BERTScore (R)": 0.7702427506446838,
    "BERTScore (F1)": 0.7501503229141235,
    "Distinct-1": 0.5862785862785863,
    "Distinct-2": 0.9251559251559252,
    "Ensemble": 0.18753758072853088
}