{
    "ROUGE-1": 0.0,
    "ROUGE-2": 0.0,
    "ROUGE-L": 0.0,
    "METEOR": 0.0,
    "BERTScore (P)": 0.7227894067764282,
    "BERTScore (R)": 0.7731485366821289,
    "BERTScore (F1)": 0.7471213340759277,
    "Distinct-1": 0.43923240938166314,
    "Distinct-2": 0.7398720682302772,
    "Ensemble": 0.18678033351898193
}