{
    "ROUGE-1": 0.0,
    "ROUGE-2": 0.0,
    "ROUGE-L": 0.0,
    "METEOR": 0.010548523206751056,
    "BERTScore (P)": 0.736198365688324,
    "BERTScore (R)": 0.7736160755157471,
    "BERTScore (F1)": 0.7544435262680054,
    "Distinct-1": 0.6577181208053692,
    "Distinct-2": 0.9507829977628636,
    "Ensemble": 0.18861088156700134
}