{
    "ROUGE-1": 0.0,
    "ROUGE-2": 0.0,
    "ROUGE-L": 0.0,
    "METEOR": 0.0,
    "BERTScore (P)": 0.7296967506408691,
    "BERTScore (R)": 0.7757595777511597,
    "BERTScore (F1)": 0.752023458480835,
    "Distinct-1": 0.5521472392638037,
    "Distinct-2": 0.8834355828220859,
    "Ensemble": 0.18800586462020874
}