{
    "ROUGE-1": 0.0,
    "ROUGE-2": 0.0,
    "ROUGE-L": 0.0,
    "METEOR": 0.0,
    "BERTScore (P)": 0.723311185836792,
    "BERTScore (R)": 0.7780895829200745,
    "BERTScore (F1)": 0.7497010827064514,
    "Distinct-1": 0.5925155925155925,
    "Distinct-2": 0.9064449064449065,
    "Ensemble": 0.18742527067661285
}