{
    "ROUGE-1": 0.0,
    "ROUGE-2": 0.0,
    "ROUGE-L": 0.0,
    "METEOR": 0.021551724137931036,
    "BERTScore (P)": 0.7474422454833984,
    "BERTScore (R)": 0.7750786542892456,
    "BERTScore (F1)": 0.7610095739364624,
    "Distinct-1": 0.7024390243902439,
    "Distinct-2": 0.9463414634146341,
    "Ensemble": 0.1902523934841156
}