{
    "ROUGE-1": 0.004140786749482401,
    "ROUGE-2": 0.0,
    "ROUGE-L": 0.004140786749482401,
    "METEOR": 0.010040160642570283,
    "BERTScore (P)": 0.7349474430084229,
    "BERTScore (R)": 0.7805305123329163,
    "BERTScore (F1)": 0.7570534944534302,
    "Distinct-1": 0.583864118895966,
    "Distinct-2": 0.921443736730361,
    "Ensemble": 0.19133376698809876
}