{
    "ROUGE-1": 0.0,
    "ROUGE-2": 0.0,
    "ROUGE-L": 0.0,
    "METEOR": 0.0,
    "BERTScore (P)": 0.7293949127197266,
    "BERTScore (R)": 0.7763261198997498,
    "BERTScore (F1)": 0.752129077911377,
    "Distinct-1": 0.5947136563876652,
    "Distinct-2": 0.920704845814978,
    "Ensemble": 0.18803226947784424
}