{
    "ROUGE-1": 0.0,
    "ROUGE-2": 0.0,
    "ROUGE-L": 0.0,
    "METEOR": 0.010570824524312898,
    "BERTScore (P)": 0.7372390031814575,
    "BERTScore (R)": 0.7788940668106079,
    "BERTScore (F1)": 0.757494330406189,
    "Distinct-1": 0.6547085201793722,
    "Distinct-2": 0.9484304932735426,
    "Ensemble": 0.18937358260154724
}