{
    "ROUGE-1": 0.0,
    "ROUGE-2": 0.0,
    "ROUGE-L": 0.0,
    "METEOR": 0.0,
    "BERTScore (P)": 0.7664531469345093,
    "BERTScore (R)": 0.7794488668441772,
    "BERTScore (F1)": 0.772896409034729,
    "Distinct-1": 0.7,
    "Distinct-2": 0.9,
    "Ensemble": 0.19322410225868225
}