{
    "ROUGE-1": 0.0,
    "ROUGE-2": 0.0,
    "ROUGE-L": 0.0,
    "BERTScore (P)": 0.7373078465461731,
    "BERTScore (R)": 0.7705090045928955,
    "BERTScore (F1)": 0.753542959690094,
    "Distinct-1": 0.11704312114989733,
    "Distinct-2": 0.8459958932238193,
    "Ensemble": 0.1883857399225235
}