{
    "ROUGE-1": 0.0,
    "ROUGE-2": 0.0,
    "ROUGE-L": 0.0,
    "BERTScore (P)": 0.740808367729187,
    "BERTScore (R)": 0.7745176553726196,
    "BERTScore (F1)": 0.7572880387306213,
    "Distinct-1": 0.08806262230919765,
    "Distinct-2": 0.7162426614481409,
    "Ensemble": 0.18932200968265533
}