{
    "ROUGE-1": 0.0,
    "ROUGE-2": 0.0,
    "ROUGE-L": 0.0,
    "BERTScore (P)": 0.7332828640937805,
    "BERTScore (R)": 0.7673255205154419,
    "BERTScore (F1)": 0.7499180436134338,
    "Distinct-1": 0.10572687224669604,
    "Distinct-2": 0.8237885462555066,
    "Ensemble": 0.18747951090335846
}