{
    "ROUGE-1": 0.0,
    "ROUGE-2": 0.0,
    "ROUGE-L": 0.0,
    "BERTScore (P)": 0.7223979234695435,
    "BERTScore (R)": 0.7771371006965637,
    "BERTScore (F1)": 0.7487683296203613,
    "Distinct-1": 0.08757637474541752,
    "Distinct-2": 0.6741344195519349,
    "Ensemble": 0.18719208240509033
}