{
    "ROUGE-1": 0.0,
    "ROUGE-2": 0.0,
    "ROUGE-L": 0.0,
    "BERTScore (P)": 0.6327006816864014,
    "BERTScore (R)": 0.760779857635498,
    "BERTScore (F1)": 0.6908541917800903,
    "Distinct-1": 21.25,
    "Distinct-2": 40.916666666666664,
    "Ensemble": 0.17271354794502258
}