{
    "ROUGE-1": 0.0,
    "ROUGE-2": 0.0,
    "ROUGE-L": 0.0,
    "BERTScore (P)": 0.6276880502700806,
    "BERTScore (R)": 0.7647374272346497,
    "BERTScore (F1)": 0.6894682049751282,
    "Distinct-1": 23.7,
    "Distinct-2": 49.3,
    "Ensemble": 0.17236705124378204
}