{
    "ROUGE-1": 0.0,
    "ROUGE-2": 0.0,
    "ROUGE-L": 0.0,
    "BERTScore (P)": 0.6223990321159363,
    "BERTScore (R)": 0.7605754137039185,
    "BERTScore (F1)": 0.6845844984054565,
    "Distinct-1": 14.642857142857142,
    "Distinct-2": 28.928571428571427,
    "Ensemble": 0.17114612460136414
}