{
    "ROUGE-1": 0.0,
    "ROUGE-2": 0.0,
    "ROUGE-L": 0.0,
    "BERTScore (P)": 0.6385136842727661,
    "BERTScore (R)": 0.7572064399719238,
    "BERTScore (F1)": 0.6928132176399231,
    "Distinct-1": 4.846153846153846,
    "Distinct-2": 10.615384615384615,
    "Ensemble": 0.17320330440998077
}