{
    "ROUGE-1": 0.0,
    "ROUGE-2": 0.0,
    "ROUGE-L": 0.0,
    "BERTScore (P)": 0.6332658529281616,
    "BERTScore (R)": 0.761159360408783,
    "BERTScore (F1)": 0.691347599029541,
    "Distinct-1": 9.045454545454545,
    "Distinct-2": 18.636363636363637,
    "Ensemble": 0.17283689975738525
}