{
    "ROUGE-1": 0.0,
    "ROUGE-2": 0.0,
    "ROUGE-L": 0.0,
    "BERTScore (P)": 0.6342614889144897,
    "BERTScore (R)": 0.7660637497901917,
    "BERTScore (F1)": 0.6939597725868225,
    "Distinct-1": 15.5,
    "Distinct-2": 30.714285714285715,
    "Ensemble": 0.17348994314670563
}