{
    "ROUGE-1": 0.0,
    "ROUGE-2": 0.0,
    "ROUGE-L": 0.0,
    "BERTScore (P)": 0.6374222636222839,
    "BERTScore (R)": 0.7549859285354614,
    "BERTScore (F1)": 0.6912410259246826,
    "Distinct-1": 31.857142857142858,
    "Distinct-2": 60.714285714285715,
    "Ensemble": 0.17281025648117065
}