{
    "ROUGE-1": 0.0,
    "ROUGE-2": 0.0,
    "ROUGE-L": 0.0,
    "BERTScore (P)": 0.6260586977005005,
    "BERTScore (R)": 0.7603225708007812,
    "BERTScore (F1)": 0.6866892576217651,
    "Distinct-1": 21.5,
    "Distinct-2": 41.0,
    "Ensemble": 0.17167231440544128
}