{
    "ROUGE-1": 0.0,
    "ROUGE-2": 0.0,
    "ROUGE-L": 0.0,
    "BERTScore (P)": 0.6359068155288696,
    "BERTScore (R)": 0.7752007246017456,
    "BERTScore (F1)": 0.698678731918335,
    "Distinct-1": 15.11111111111111,
    "Distinct-2": 29.72222222222222,
    "Ensemble": 0.17466968297958374
}