{
    "ROUGE-1": 0.0,
    "ROUGE-2": 0.0,
    "ROUGE-L": 0.0,
    "BERTScore (P)": 0.6295727491378784,
    "BERTScore (R)": 0.7672297358512878,
    "BERTScore (F1)": 0.6916180849075317,
    "Distinct-1": 33.42857142857143,
    "Distinct-2": 60.57142857142857,
    "Ensemble": 0.17290452122688293
}