{
    "acc": 0.827,
    "prec": 0.7707333333333334,
    "rec": 0.827,
    "f1": 0.7879190476190476
}