{
    "acc": 0.907,
    "prec": 0.87075,
    "rec": 0.907,
    "f1": 0.8822333333333333
}