{
    "acc": 0.676,
    "prec": 0.6095160173160172,
    "rec": 0.676,
    "f1": 0.6253034632034633
}