{
    "acc": 0.664,
    "prec": 0.5672833333333333,
    "rec": 0.664,
    "f1": 0.5938017316017314
}