{
    "acc": 0.964,
    "prec": 0.9466666666666667,
    "rec": 0.964,
    "f1": 0.9523333333333333
}