{
    "acc": 0.776,
    "prec": 0.7028523809523809,
    "rec": 0.776,
    "f1": 0.7235380952380951
}