{
    "acc": 0.636,
    "prec": 0.5522143578643579,
    "rec": 0.636,
    "f1": 0.5742293297345928
}