{
    "acc": 0.748,
    "prec": 0.6756371794871795,
    "rec": 0.748,
    "f1": 0.6954652236652237
}