{
    "acc": 0.878,
    "prec": 0.8253333333333333,
    "rec": 0.878,
    "f1": 0.8423333333333333
}