{
    "acc": 0.502,
    "prec": 0.42214756909756906,
    "rec": 0.502,
    "f1": 0.4409183515830574
}