{
    "acc": 0.766,
    "prec": 0.6849333333333334,
    "rec": 0.766,
    "f1": 0.7088666666666665
}