{
    "acc": 0.85,
    "prec": 0.7891666666666668,
    "rec": 0.85,
    "f1": 0.8083999999999999
}