{
    "acc": 0.976,
    "prec": 0.9646666666666667,
    "rec": 0.976,
    "f1": 0.9683333333333334
}