{
    "acc": 0.836,
    "prec": 0.7751666666666668,
    "rec": 0.836,
    "f1": 0.7932380952380953
}