{
    "acc": 0.92,
    "prec": 0.8868333333333333,
    "rec": 0.92,
    "f1": 0.8971333333333333
}