{
    "acc": 0.768,
    "prec": 0.6887523809523809,
    "rec": 0.768,
    "f1": 0.7116047619047619
}