{
    "acc": 0.962,
    "prec": 0.9446666666666667,
    "rec": 0.962,
    "f1": 0.9503333333333333
}