{
    "acc": 0.968,
    "prec": 0.9536666666666667,
    "rec": 0.968,
    "f1": 0.9583333333333333
}