{
    "acc": 0.866,
    "prec": 0.8116666666666668,
    "rec": 0.866,
    "f1": 0.8282666666666667
}