{
    "acc": 0.614,
    "prec": 0.5419307803307805,
    "rec": 0.614,
    "f1": 0.5587690476190476
}