{
    "ROUGE-1": 0.0,
    "ROUGE-2": 0.0,
    "ROUGE-L": 0.0,
    "METEOR": 0.010638297872340425,
    "BERTScore (P)": 0.7330951690673828,
    "BERTScore (R)": 0.7743266820907593,
    "BERTScore (F1)": 0.7531470060348511,
    "Distinct-1": 0.6117381489841986,
    "Distinct-2": 0.9322799097065463,
    "Ensemble": 0.18828675150871277
}