{
    "ROUGE-1": 0.0,
    "ROUGE-2": 0.0,
    "ROUGE-L": 0.0,
    "METEOR": 0.010224948875255626,
    "BERTScore (P)": 0.7265424132347107,
    "BERTScore (R)": 0.7751278877258301,
    "BERTScore (F1)": 0.7500491142272949,
    "Distinct-1": 0.5562770562770563,
    "Distinct-2": 0.8896103896103896,
    "Ensemble": 0.18751227855682373
}