{
    "ROUGE-1": 0.0,
    "ROUGE-2": 0.0,
    "ROUGE-L": 0.0,
    "METEOR": 0.01149425287356322,
    "BERTScore (P)": 0.7309854030609131,
    "BERTScore (R)": 0.7759891748428345,
    "BERTScore (F1)": 0.752815306186676,
    "Distinct-1": 0.5980392156862745,
    "Distinct-2": 0.9068627450980392,
    "Ensemble": 0.188203826546669
}