{
    "ROUGE-1": 0.0,
    "ROUGE-2": 0.0,
    "ROUGE-L": 0.0,
    "METEOR": 0.010438413361169104,
    "BERTScore (P)": 0.7265856266021729,
    "BERTScore (R)": 0.7745985984802246,
    "BERTScore (F1)": 0.7498242855072021,
    "Distinct-1": 0.6017699115044248,
    "Distinct-2": 0.9203539823008849,
    "Ensemble": 0.18745607137680054
}