{
    "ROUGE-1": 0.0,
    "ROUGE-2": 0.0,
    "ROUGE-L": 0.0,
    "METEOR": 0.009398496240601505,
    "BERTScore (P)": 0.7362121343612671,
    "BERTScore (R)": 0.7745325565338135,
    "BERTScore (F1)": 0.7548863887786865,
    "Distinct-1": 0.594059405940594,
    "Distinct-2": 0.9465346534653465,
    "Ensemble": 0.18872159719467163
}