{
    "ROUGE-1": 0.0,
    "ROUGE-2": 0.0,
    "ROUGE-L": 0.0,
    "METEOR": 0.0,
    "BERTScore (P)": 0.7788539528846741,
    "BERTScore (R)": 0.7761746644973755,
    "BERTScore (F1)": 0.7775119543075562,
    "Distinct-1": 0.7045454545454546,
    "Distinct-2": 0.9090909090909091,
    "Ensemble": 0.19437798857688904
}