{
    "ROUGE-1": 0.0,
    "ROUGE-2": 0.0,
    "ROUGE-L": 0.0,
    "BERTScore (P)": 0.6154705286026001,
    "BERTScore (R)": 0.7675344944000244,
    "BERTScore (F1)": 0.6831426620483398,
    "Distinct-1": 0.29375,
    "Distinct-2": 1.2375,
    "Ensemble": 0.17078566551208496
}