{
    "ROUGE-1": 0.0,
    "ROUGE-2": 0.0,
    "ROUGE-L": 0.0,
    "BERTScore (P)": 0.6150364875793457,
    "BERTScore (R)": 0.771174967288971,
    "BERTScore (F1)": 0.6843122839927673,
    "Distinct-1": 0.3805970149253731,
    "Distinct-2": 1.9179104477611941,
    "Ensemble": 0.17107807099819183
}