{
    "ROUGE-1": 0.0,
    "ROUGE-2": 0.0,
    "ROUGE-L": 0.0,
    "BERTScore (P)": 0.6165293455123901,
    "BERTScore (R)": 0.7708711624145508,
    "BERTScore (F1)": 0.6851153373718262,
    "Distinct-1": 0.2839506172839506,
    "Distinct-2": 1.0740740740740742,
    "Ensemble": 0.17127883434295654
}