{
    "ROUGE-1": 0.0,
    "ROUGE-2": 0.0,
    "ROUGE-L": 0.0,
    "BERTScore (P)": 0.614867627620697,
    "BERTScore (R)": 0.7715985774993896,
    "BERTScore (F1)": 0.6843743324279785,
    "Distinct-1": 0.304635761589404,
    "Distinct-2": 1.3178807947019868,
    "Ensemble": 0.17109358310699463
}