{
    "ROUGE-1": 0.0,
    "ROUGE-2": 0.0,
    "ROUGE-L": 0.0,
    "BERTScore (P)": 0.611747145652771,
    "BERTScore (R)": 0.7669868469238281,
    "BERTScore (F1)": 0.6806273460388184,
    "Distinct-1": 0.25595238095238093,
    "Distinct-2": 1.1071428571428572,
    "Ensemble": 0.1701568365097046
}