{
    "ROUGE-1": 0.0,
    "ROUGE-2": 0.0,
    "ROUGE-L": 0.0,
    "BERTScore (P)": 0.6173986196517944,
    "BERTScore (R)": 0.7682895660400391,
    "BERTScore (F1)": 0.6846286654472351,
    "Distinct-1": 0.27906976744186046,
    "Distinct-2": 1.2906976744186047,
    "Ensemble": 0.17115716636180878
}