{
    "ROUGE-1": 0.0,
    "ROUGE-2": 0.0,
    "ROUGE-L": 0.0,
    "BERTScore (P)": 0.6121063828468323,
    "BERTScore (R)": 0.7708678841590881,
    "BERTScore (F1)": 0.6823744773864746,
    "Distinct-1": 0.2994350282485876,
    "Distinct-2": 1.6045197740112995,
    "Ensemble": 0.17059361934661865
}