{
    "ROUGE-1": 0.0,
    "ROUGE-2": 0.0,
    "ROUGE-L": 0.0,
    "BERTScore (P)": 0.6126198768615723,
    "BERTScore (R)": 0.7663253545761108,
    "BERTScore (F1)": 0.6809061765670776,
    "Distinct-1": 0.30612244897959184,
    "Distinct-2": 1.2653061224489797,
    "Ensemble": 0.1702265441417694
}