{
    "ROUGE-1": 0.0,
    "ROUGE-2": 0.0,
    "ROUGE-L": 0.0,
    "BERTScore (P)": 0.6142032146453857,
    "BERTScore (R)": 0.7644573450088501,
    "BERTScore (F1)": 0.6811425089836121,
    "Distinct-1": 0.38461538461538464,
    "Distinct-2": 1.7342657342657342,
    "Ensemble": 0.17028562724590302
}