{
    "ROUGE-1": 0.0,
    "ROUGE-2": 0.0,
    "ROUGE-L": 0.0,
    "BERTScore (P)": 0.6159261465072632,
    "BERTScore (R)": 0.7612735033035278,
    "BERTScore (F1)": 0.680929958820343,
    "Distinct-1": 0.25903614457831325,
    "Distinct-2": 1.0662650602409638,
    "Ensemble": 0.17023248970508575
}