{
    "ROUGE-1": 0.0,
    "ROUGE-2": 0.0,
    "ROUGE-L": 0.0,
    "BERTScore (P)": 0.7327299118041992,
    "BERTScore (R)": 0.7837563753128052,
    "BERTScore (F1)": 0.757384717464447,
    "Distinct-1": 0.0863157894736842,
    "Distinct-2": 0.6884210526315789,
    "Ensemble": 0.18934617936611176
}