{
    "ROUGE-1": 0.0,
    "ROUGE-2": 0.0,
    "ROUGE-L": 0.0,
    "BERTScore (P)": 0.7268053293228149,
    "BERTScore (R)": 0.7813239097595215,
    "BERTScore (F1)": 0.7530791759490967,
    "Distinct-1": 0.09853249475890985,
    "Distinct-2": 0.7966457023060797,
    "Ensemble": 0.18826979398727417
}