{
    "ROUGE-1": 0.0,
    "ROUGE-2": 0.0,
    "ROUGE-L": 0.0,
    "BERTScore (P)": 0.7143380045890808,
    "BERTScore (R)": 0.7732882499694824,
    "BERTScore (F1)": 0.7426450848579407,
    "Distinct-1": 0.07459677419354839,
    "Distinct-2": 0.6129032258064516,
    "Ensemble": 0.18566127121448517
}