{
    "ROUGE-1": 0.0,
    "ROUGE-2": 0.0,
    "ROUGE-L": 0.0,
    "BERTScore (P)": 0.7348926663398743,
    "BERTScore (R)": 0.775625467300415,
    "BERTScore (F1)": 0.7547098994255066,
    "Distinct-1": 0.11670020120724346,
    "Distinct-2": 0.8028169014084507,
    "Ensemble": 0.18867747485637665
}