{
    "ROUGE-1": 0.0,
    "ROUGE-2": 0.0,
    "ROUGE-L": 0.0,
    "BERTScore (P)": 0.7390767335891724,
    "BERTScore (R)": 0.7812992334365845,
    "BERTScore (F1)": 0.7596017122268677,
    "Distinct-1": 0.09896907216494845,
    "Distinct-2": 0.8123711340206186,
    "Ensemble": 0.18990042805671692
}