{
    "ROUGE-1": 0.0,
    "ROUGE-2": 0.0,
    "ROUGE-L": 0.0,
    "BERTScore (P)": 0.7335242033004761,
    "BERTScore (R)": 0.7764216661453247,
    "BERTScore (F1)": 0.7543635964393616,
    "Distinct-1": 0.09090909090909091,
    "Distinct-2": 0.7293388429752066,
    "Ensemble": 0.1885908991098404
}