{
    "ROUGE-1": 0.0,
    "ROUGE-2": 0.0,
    "ROUGE-L": 0.0,
    "BERTScore (P)": 0.7364984750747681,
    "BERTScore (R)": 0.7740539312362671,
    "BERTScore (F1)": 0.7548093199729919,
    "Distinct-1": 0.08481262327416174,
    "Distinct-2": 0.6804733727810651,
    "Ensemble": 0.18870232999324799
}