{
    "ROUGE-1": 0.0,
    "ROUGE-2": 0.0,
    "ROUGE-L": 0.0,
    "BERTScore (P)": 0.7340843677520752,
    "BERTScore (R)": 0.7697701454162598,
    "BERTScore (F1)": 0.7515038251876831,
    "Distinct-1": 0.11529411764705882,
    "Distinct-2": 0.9129411764705883,
    "Ensemble": 0.18787595629692078
}