{
    "ROUGE-1": 0.0,
    "ROUGE-2": 0.0,
    "ROUGE-L": 0.0,
    "BERTScore (P)": 0.7254946231842041,
    "BERTScore (R)": 0.7673176527023315,
    "BERTScore (F1)": 0.7458202838897705,
    "Distinct-1": 0.06719367588932806,
    "Distinct-2": 0.6027667984189723,
    "Ensemble": 0.18645507097244263
}