{
    "ROUGE-1": 0.0,
    "ROUGE-2": 0.0,
    "ROUGE-L": 0.0,
    "BERTScore (P)": 0.7344861030578613,
    "BERTScore (R)": 0.7763121128082275,
    "BERTScore (F1)": 0.7548201084136963,
    "Distinct-1": 0.1279826464208243,
    "Distinct-2": 0.9609544468546638,
    "Ensemble": 0.18870502710342407
}