{
    "ROUGE-1": 0.0,
    "ROUGE-2": 0.0,
    "ROUGE-L": 0.0,
    "BERTScore (P)": 0.7322511076927185,
    "BERTScore (R)": 0.771973729133606,
    "BERTScore (F1)": 0.7515879273414612,
    "Distinct-1": 0.11022044088176353,
    "Distinct-2": 0.8196392785571143,
    "Ensemble": 0.1878969818353653
}