{
    "ROUGE-1": 0.0,
    "ROUGE-2": 0.0,
    "ROUGE-L": 0.0,
    "BERTScore (P)": 0.7225450277328491,
    "BERTScore (R)": 0.7859616279602051,
    "BERTScore (F1)": 0.7529203295707703,
    "Distinct-1": 0.0863157894736842,
    "Distinct-2": 0.6926315789473684,
    "Ensemble": 0.18823008239269257
}