{
    "ROUGE-1": 0.0,
    "ROUGE-2": 0.0,
    "ROUGE-L": 0.0,
    "BERTScore (P)": 0.738278329372406,
    "BERTScore (R)": 0.7725833058357239,
    "BERTScore (F1)": 0.7550413608551025,
    "Distinct-1": 0.07751937984496124,
    "Distinct-2": 0.6841085271317829,
    "Ensemble": 0.18876034021377563
}