{
    "ROUGE-1": 0.0,
    "ROUGE-2": 0.0,
    "ROUGE-L": 0.0,
    "BERTScore (P)": 0.7222601175308228,
    "BERTScore (R)": 0.7766127586364746,
    "BERTScore (F1)": 0.7484509348869324,
    "Distinct-1": 0.08588957055214724,
    "Distinct-2": 0.7300613496932515,
    "Ensemble": 0.1871127337217331
}