{
    "ROUGE-1": 0.004073319755600815,
    "ROUGE-2": 0.0,
    "ROUGE-L": 0.004073319755600815,
    "BERTScore (P)": 0.7332614064216614,
    "BERTScore (R)": 0.7937350273132324,
    "BERTScore (F1)": 0.7623007893562317,
    "Distinct-1": 0.0865979381443299,
    "Distinct-2": 0.7422680412371134,
    "Ensemble": 0.19261185721685833
}