{
    "ROUGE-1": 0.0,
    "ROUGE-2": 0.0,
    "ROUGE-L": 0.0,
    "BERTScore (P)": 0.7244106531143188,
    "BERTScore (R)": 0.7777618765830994,
    "BERTScore (F1)": 0.7501388788223267,
    "Distinct-1": 0.10352422907488987,
    "Distinct-2": 0.8259911894273128,
    "Ensemble": 0.18753471970558167
}