{
    "ROUGE-1": 0.0,
    "ROUGE-2": 0.0,
    "ROUGE-L": 0.0,
    "BERTScore (P)": 0.7285484671592712,
    "BERTScore (R)": 0.7759795188903809,
    "BERTScore (F1)": 0.7515162825584412,
    "Distinct-1": 0.07484407484407485,
    "Distinct-2": 0.6923076923076923,
    "Ensemble": 0.1878790706396103
}