{
    "ROUGE-1": 0.0,
    "ROUGE-2": 0.0,
    "ROUGE-L": 0.0,
    "BERTScore (P)": 0.7337285876274109,
    "BERTScore (R)": 0.7760776281356812,
    "BERTScore (F1)": 0.7543092370033264,
    "Distinct-1": 0.10444444444444445,
    "Distinct-2": 0.8755555555555555,
    "Ensemble": 0.1885773092508316
}