{
    "ROUGE-1": 0.004184100418410042,
    "ROUGE-2": 0.0,
    "ROUGE-L": 0.004184100418410042,
    "BERTScore (P)": 0.7337333559989929,
    "BERTScore (R)": 0.7696020603179932,
    "BERTScore (F1)": 0.7512397766113281,
    "Distinct-1": 0.13129102844638948,
    "Distinct-2": 0.9080962800875274,
    "Ensemble": 0.18990199436203706
}