{
    "ROUGE-1": 0.0,
    "ROUGE-2": 0.0,
    "ROUGE-L": 0.0,
    "BERTScore (P)": 0.7280428409576416,
    "BERTScore (R)": 0.7741336226463318,
    "BERTScore (F1)": 0.7503811120986938,
    "Distinct-1": 0.09052631578947369,
    "Distinct-2": 0.7178947368421053,
    "Ensemble": 0.18759527802467346
}