{
    "acc": 0.265625,
    "prec": 0.19154154935661924,
    "rec": 0.265625,
    "f1": 0.20886252419455545
}