{
    "acc": 0.298828125,
    "prec": 0.21180139476294904,
    "rec": 0.298828125,
    "f1": 0.23264043898809522
}