{
    "acc": 0.36341463414634145,
    "prec": 0.26394075775173337,
    "rec": 0.36341463414634145,
    "f1": 0.28709940386410976
}