{
    "acc": 0.193359375,
    "prec": 0.13262345835588024,
    "rec": 0.193359375,
    "f1": 0.14641941175144302
}