{
    "acc": 0.259765625,
    "prec": 0.18681092240494182,
    "rec": 0.259765625,
    "f1": 0.20409071180555557
}