{
    "acc": 0.29296875,
    "prec": 0.2141401458784271,
    "rec": 0.29296875,
    "f1": 0.2327171343824304
}