{
    "acc": 0.291015625,
    "prec": 0.21124863363632895,
    "rec": 0.291015625,
    "f1": 0.22975214825513535
}