{
    "acc": 0.29296875,
    "prec": 0.19867502990779642,
    "rec": 0.29296875,
    "f1": 0.2199689145489927
}