{
    "acc": 0.248046875,
    "prec": 0.17643553278318905,
    "rec": 0.248046875,
    "f1": 0.1934993339573733
}