{
    "acc": 0.32439024390243903,
    "prec": 0.23757936507936506,
    "rec": 0.32439024390243903,
    "f1": 0.25824056982173044
}