{
    "acc": 0.291015625,
    "prec": 0.20732034350198414,
    "rec": 0.291015625,
    "f1": 0.22716858878968255
}