{
    "acc": 0.29296875,
    "prec": 0.20959898933531745,
    "rec": 0.29296875,
    "f1": 0.22944723462301586
}