{
    "acc": 0.36097560975609755,
    "prec": 0.2610952292964488,
    "rec": 0.36097560975609755,
    "f1": 0.2842538754088252
}