{
    "acc": 0.7966666666666666,
    "prec": 0.739758858425525,
    "rec": 0.7966666666666666,
    "f1": 0.754969696969697
}