{
    "acc": 0.283203125,
    "prec": 0.19063874573266804,
    "rec": 0.283203125,
    "f1": 0.21121452292117926
}