{
    "acc": 0.36097560975609755,
    "prec": 0.26421901946292187,
    "rec": 0.36097560975609755,
    "f1": 0.28702839593725343
}