{
    "acc": 0.37317073170731707,
    "prec": 0.266322717362512,
    "rec": 0.37317073170731707,
    "f1": 0.29198025551684087
}