{
    "acc": 0.36341463414634145,
    "prec": 0.24887556648675727,
    "rec": 0.36341463414634145,
    "f1": 0.2746396557372167
}