{
    "acc": 0.291015625,
    "prec": 0.19765196443160596,
    "rec": 0.291015625,
    "f1": 0.21859707675137363
}