{
    "acc": 0.5788888888888889,
    "prec": 0.4982516012252855,
    "rec": 0.5788888888888889,
    "f1": 0.5183043931377265
}