{
    "acc": 0.35365853658536583,
    "prec": 0.2397088998200906,
    "rec": 0.35365853658536583,
    "f1": 0.26501029179651847
}