{
    "acc": 0.7511111111111111,
    "prec": 0.6860535323506337,
    "rec": 0.7511111111111111,
    "f1": 0.7032794057794058
}