{
    "acc": 0.36585365853658536,
    "prec": 0.26174312814556716,
    "rec": 0.36585365853658536,
    "f1": 0.2865292295780101
}