{
    "acc": 0.2890625,
    "prec": 0.21021444917929294,
    "rec": 0.2890625,
    "f1": 0.22877738923174776
}