{
    "acc": 0.36585365853658536,
    "prec": 0.26912135290184064,
    "rec": 0.36585365853658536,
    "f1": 0.29194827280834984
}