{
    "acc": 0.3097560975609756,
    "prec": 0.22374756819668506,
    "rec": 0.3097560975609756,
    "f1": 0.24451237109773694
}