{
    "acc": 0.36341463414634145,
    "prec": 0.25889759969028264,
    "rec": 0.36341463414634145,
    "f1": 0.2836837011227255
}