{
    "acc": 0.2890625,
    "prec": 0.20896998780299558,
    "rec": 0.2890625,
    "f1": 0.22747350242180203
}