{
    "acc": 0.36585365853658536,
    "prec": 0.25137266288629273,
    "rec": 0.36585365853658536,
    "f1": 0.27716578814139786
}