{
    "acc": 0.33170731707317075,
    "prec": 0.2404564156425517,
    "rec": 0.33170731707317075,
    "f1": 0.26170420365542313
}