{
    "acc": 0.24146341463414633,
    "prec": 0.1686393811035131,
    "rec": 0.24146341463414633,
    "f1": 0.18528279308767112
}