{
    "ROUGE-1": 0.0,
    "ROUGE-2": 0.0,
    "ROUGE-L": 0.0,
    "BERTScore (P)": 0.600706934928894,
    "BERTScore (R)": 0.765999436378479,
    "BERTScore (F1)": 0.6733577847480774,
    "Distinct-1": 0.1749271137026239,
    "Distinct-2": 1.0262390670553936,
    "Ensemble": 0.16833944618701935
}