{
    "ROUGE-1": 0.0,
    "ROUGE-2": 0.0,
    "ROUGE-L": 0.0,
    "BERTScore (P)": 0.6130405068397522,
    "BERTScore (R)": 0.7744002342224121,
    "BERTScore (F1)": 0.684337317943573,
    "Distinct-1": 0.1419753086419753,
    "Distinct-2": 1.0185185185185186,
    "Ensemble": 0.17108432948589325
}