{
    "ROUGE-1": 0.0,
    "ROUGE-2": 0.0,
    "ROUGE-L": 0.0,
    "BERTScore (P)": 0.5934768915176392,
    "BERTScore (R)": 0.7598862648010254,
    "BERTScore (F1)": 0.6664507389068604,
    "Distinct-1": 0.1423728813559322,
    "Distinct-2": 1.1627118644067798,
    "Ensemble": 0.1666126847267151
}