{
    "ROUGE-1": 0.0,
    "ROUGE-2": 0.0,
    "ROUGE-L": 0.0,
    "BERTScore (P)": 0.6011826395988464,
    "BERTScore (R)": 0.7702480554580688,
    "BERTScore (F1)": 0.6752944588661194,
    "Distinct-1": 0.2150170648464164,
    "Distinct-2": 1.4402730375426622,
    "Ensemble": 0.16882361471652985
}