{
    "ROUGE-1": 0.0,
    "ROUGE-2": 0.0,
    "ROUGE-L": 0.0,
    "BERTScore (P)": 0.6006613969802856,
    "BERTScore (R)": 0.7644481062889099,
    "BERTScore (F1)": 0.6727291345596313,
    "Distinct-1": 0.15894039735099338,
    "Distinct-2": 1.3013245033112584,
    "Ensemble": 0.16818228363990784
}