{
    "ROUGE-1": 0.0,
    "ROUGE-2": 0.0,
    "ROUGE-L": 0.0,
    "BERTScore (P)": 0.730757474899292,
    "BERTScore (R)": 0.7710812091827393,
    "BERTScore (F1)": 0.7503780126571655,
    "Distinct-1": 0.08301158301158301,
    "Distinct-2": 0.6351351351351351,
    "Ensemble": 0.18759450316429138
}