{
    "ROUGE-1": 0.0,
    "ROUGE-2": 0.0,
    "ROUGE-L": 0.0,
    "BERTScore (P)": 0.604403018951416,
    "BERTScore (R)": 0.7705060243606567,
    "BERTScore (F1)": 0.6774210333824158,
    "Distinct-1": 0.13975155279503104,
    "Distinct-2": 0.984472049689441,
    "Ensemble": 0.16935525834560394
}