{
    "ROUGE-1": 0.0,
    "ROUGE-2": 0.0,
    "ROUGE-L": 0.0,
    "BERTScore (P)": 0.6011590957641602,
    "BERTScore (R)": 0.765332818031311,
    "BERTScore (F1)": 0.6733838319778442,
    "Distinct-1": 0.17207792207792208,
    "Distinct-2": 1.224025974025974,
    "Ensemble": 0.16834595799446106
}