{
    "ROUGE-1": 0.0,
    "ROUGE-2": 0.0,
    "ROUGE-L": 0.0,
    "BERTScore (P)": 0.601140022277832,
    "BERTScore (R)": 0.7602589130401611,
    "BERTScore (F1)": 0.6714006662368774,
    "Distinct-1": 0.16938110749185667,
    "Distinct-2": 1.1889250814332248,
    "Ensemble": 0.16785016655921936
}