{
    "ROUGE-1": 0.0,
    "ROUGE-2": 0.0,
    "ROUGE-L": 0.0,
    "BERTScore (P)": 0.6020550727844238,
    "BERTScore (R)": 0.7728378772735596,
    "BERTScore (F1)": 0.6768395304679871,
    "Distinct-1": 0.14114114114114115,
    "Distinct-2": 1.0690690690690692,
    "Ensemble": 0.16920988261699677
}