{
    "ROUGE-1": 0.0,
    "ROUGE-2": 0.0,
    "ROUGE-L": 0.0,
    "BERTScore (P)": 0.6289416551589966,
    "BERTScore (R)": 0.7631106376647949,
    "BERTScore (F1)": 0.6895604133605957,
    "Distinct-1": 0.14473684210526316,
    "Distinct-2": 0.7017543859649122,
    "Ensemble": 0.17239010334014893
}