{
    "ROUGE-1": 0.0,
    "ROUGE-2": 0.0,
    "ROUGE-L": 0.0,
    "METEOR": 0.0,
    "BERTScore (P)": 0.6002092361450195,
    "BERTScore (R)": 0.768633246421814,
    "BERTScore (F1)": 0.6740596890449524,
    "Distinct-1": 0.5273311897106109,
    "Distinct-2": 0.6977491961414791,
    "Ensemble": 0.1685149222612381
}