{
    "ROUGE-1": 0.0,
    "ROUGE-2": 0.0,
    "ROUGE-L": 0.0,
    "METEOR": 0.0,
    "BERTScore (P)": 0.5978032350540161,
    "BERTScore (R)": 0.7598541975021362,
    "BERTScore (F1)": 0.6691574454307556,
    "Distinct-1": 0.6161616161616161,
    "Distinct-2": 0.8888888888888888,
    "Ensemble": 0.1672893613576889
}