{
    "ROUGE-1": 0.0,
    "ROUGE-2": 0.0,
    "ROUGE-L": 0.0,
    "METEOR": 0.0,
    "BERTScore (P)": 0.6091391444206238,
    "BERTScore (R)": 0.7683985233306885,
    "BERTScore (F1)": 0.6795626878738403,
    "Distinct-1": 0.6445993031358885,
    "Distinct-2": 0.89198606271777,
    "Ensemble": 0.16989067196846008
}