{
    "ROUGE-1": 0.0,
    "ROUGE-2": 0.0,
    "ROUGE-L": 0.0,
    "METEOR": 0.0,
    "BERTScore (P)": 0.6031725406646729,
    "BERTScore (R)": 0.7748851776123047,
    "BERTScore (F1)": 0.6783307790756226,
    "Distinct-1": 0.6461038961038961,
    "Distinct-2": 0.9025974025974026,
    "Ensemble": 0.16958269476890564
}