{
    "ROUGE-1": 0.0,
    "ROUGE-2": 0.0,
    "ROUGE-L": 0.0,
    "METEOR": 0.0,
    "BERTScore (P)": 0.6013174057006836,
    "BERTScore (R)": 0.7732312083244324,
    "BERTScore (F1)": 0.6765236854553223,
    "Distinct-1": 0.6902356902356902,
    "Distinct-2": 0.9225589225589226,
    "Ensemble": 0.16913092136383057
}