{
    "ROUGE-1": 0.0,
    "ROUGE-2": 0.0,
    "ROUGE-L": 0.0,
    "BERTScore (P)": 0.7372943758964539,
    "BERTScore (R)": 0.7723627090454102,
    "BERTScore (F1)": 0.7544211745262146,
    "Distinct-1": 0.10182767624020887,
    "Distinct-2": 0.8015665796344648,
    "Ensemble": 0.18860529363155365
}