{
    "ROUGE-1": 0.0,
    "ROUGE-2": 0.0,
    "ROUGE-L": 0.0,
    "BERTScore (P)": 0.7289630174636841,
    "BERTScore (R)": 0.7754510641098022,
    "BERTScore (F1)": 0.7514887452125549,
    "Distinct-1": 0.09853249475890985,
    "Distinct-2": 0.7651991614255765,
    "Ensemble": 0.18787218630313873
}