{
    "ROUGE-1": 0.004098360655737705,
    "ROUGE-2": 0.0,
    "ROUGE-L": 0.004098360655737705,
    "BERTScore (P)": 0.7270360589027405,
    "BERTScore (R)": 0.7950148582458496,
    "BERTScore (F1)": 0.759507417678833,
    "Distinct-1": 0.09243697478991597,
    "Distinct-2": 0.7752100840336135,
    "Ensemble": 0.1919260347475771
}