{
    "ROUGE-1": 0.0,
    "ROUGE-2": 0.0,
    "ROUGE-L": 0.0,
    "BERTScore (P)": 0.73297119140625,
    "BERTScore (R)": 0.7737908959388733,
    "BERTScore (F1)": 0.7528281807899475,
    "Distinct-1": 0.0851063829787234,
    "Distinct-2": 0.6731141199226306,
    "Ensemble": 0.18820704519748688
}