{
    "ROUGE-1": 0.0,
    "ROUGE-2": 0.0,
    "ROUGE-L": 0.0,
    "BERTScore (P)": 0.735267162322998,
    "BERTScore (R)": 0.7706264853477478,
    "BERTScore (F1)": 0.7525316476821899,
    "Distinct-1": 0.10752688172043011,
    "Distinct-2": 0.821505376344086,
    "Ensemble": 0.18813291192054749
}