{
    "ROUGE-1": 0.0,
    "ROUGE-2": 0.0,
    "ROUGE-L": 0.0,
    "BERTScore (P)": 0.7301770448684692,
    "BERTScore (R)": 0.769359827041626,
    "BERTScore (F1)": 0.7492564916610718,
    "Distinct-1": 0.10953346855983773,
    "Distinct-2": 0.7647058823529411,
    "Ensemble": 0.18731412291526794
}