{
    "ROUGE-1": 0.004282655246252677,
    "ROUGE-2": 0.0,
    "ROUGE-L": 0.004282655246252677,
    "BERTScore (P)": 0.7317886352539062,
    "BERTScore (R)": 0.7711737155914307,
    "BERTScore (F1)": 0.7509651780128479,
    "Distinct-1": 0.1425339366515837,
    "Distinct-2": 1.0316742081447965,
    "Ensemble": 0.1898826221263383
}