{
    "ROUGE-1": 0.0,
    "ROUGE-2": 0.0,
    "ROUGE-L": 0.0,
    "BERTScore (P)": 0.7328795194625854,
    "BERTScore (R)": 0.7754489183425903,
    "BERTScore (F1)": 0.7535634636878967,
    "Distinct-1": 0.11983471074380166,
    "Distinct-2": 0.8202479338842975,
    "Ensemble": 0.18839086592197418
}