{
    "ROUGE-1": 0.0,
    "ROUGE-2": 0.0,
    "ROUGE-L": 0.0,
    "BERTScore (P)": 0.7135146856307983,
    "BERTScore (R)": 0.7696117162704468,
    "BERTScore (F1)": 0.7405022978782654,
    "Distinct-1": 0.07171314741035857,
    "Distinct-2": 0.5697211155378487,
    "Ensemble": 0.18512557446956635
}