{
    "ROUGE-1": 0.0,
    "ROUGE-2": 0.0,
    "ROUGE-L": 0.0,
    "BERTScore (P)": 0.7300817966461182,
    "BERTScore (R)": 0.7698843479156494,
    "BERTScore (F1)": 0.7494549751281738,
    "Distinct-1": 0.08316430020283976,
    "Distinct-2": 0.6592292089249493,
    "Ensemble": 0.18736374378204346
}