{
    "ROUGE-1": 0.0,
    "ROUGE-2": 0.0,
    "ROUGE-L": 0.0,
    "BERTScore (P)": 0.5976434350013733,
    "BERTScore (R)": 0.7666504383087158,
    "BERTScore (F1)": 0.6716787815093994,
    "Distinct-1": 2.037037037037037,
    "Distinct-2": 6.333333333333333,
    "Ensemble": 0.16791969537734985
}