{
    "ROUGE-1": 0.0,
    "ROUGE-2": 0.0,
    "ROUGE-L": 0.0,
    "BERTScore (P)": 0.6147940158843994,
    "BERTScore (R)": 0.7733469605445862,
    "BERTScore (F1)": 0.6850156188011169,
    "Distinct-1": 1.8846153846153846,
    "Distinct-2": 4.423076923076923,
    "Ensemble": 0.17125390470027924
}