{
    "ROUGE-1": 0.0,
    "ROUGE-2": 0.0,
    "ROUGE-L": 0.0,
    "BERTScore (P)": 0.6124687194824219,
    "BERTScore (R)": 0.7833735942840576,
    "BERTScore (F1)": 0.6874584555625916,
    "Distinct-1": 1.5217391304347827,
    "Distinct-2": 4.6521739130434785,
    "Ensemble": 0.1718646138906479
}