{
    "ROUGE-1": 0.0,
    "ROUGE-2": 0.0,
    "ROUGE-L": 0.0,
    "BERTScore (P)": 0.6022756695747375,
    "BERTScore (R)": 0.763679027557373,
    "BERTScore (F1)": 0.6734415292739868,
    "Distinct-1": 1.2380952380952381,
    "Distinct-2": 2.0476190476190474,
    "Ensemble": 0.1683603823184967
}