{
    "ROUGE-1": 0.0,
    "ROUGE-2": 0.0,
    "ROUGE-L": 0.0,
    "BERTScore (P)": 0.6128288507461548,
    "BERTScore (R)": 0.76393061876297,
    "BERTScore (F1)": 0.6800878643989563,
    "Distinct-1": 2.1666666666666665,
    "Distinct-2": 6.611111111111111,
    "Ensemble": 0.17002196609973907
}