{
    "ROUGE-1": 0.0,
    "ROUGE-2": 0.0,
    "ROUGE-L": 0.0,
    "BERTScore (P)": 0.737557053565979,
    "BERTScore (R)": 0.7781321406364441,
    "BERTScore (F1)": 0.7573015093803406,
    "Distinct-1": 0.11597374179431072,
    "Distinct-2": 0.8971553610503282,
    "Ensemble": 0.18932537734508514
}