{
    "ROUGE-1": 0.0,
    "ROUGE-2": 0.0,
    "ROUGE-L": 0.0,
    "BERTScore (P)": 0.6063761711120605,
    "BERTScore (R)": 0.766921877861023,
    "BERTScore (F1)": 0.6772646903991699,
    "Distinct-1": 1.9473684210526316,
    "Distinct-2": 8.210526315789474,
    "Ensemble": 0.16931617259979248
}