{
    "ROUGE-1": 0.0,
    "ROUGE-2": 0.0,
    "ROUGE-L": 0.0,
    "BERTScore (P)": 0.7295727729797363,
    "BERTScore (R)": 0.7715798616409302,
    "BERTScore (F1)": 0.7499885559082031,
    "Distinct-1": 0.09853249475890985,
    "Distinct-2": 0.7547169811320755,
    "Ensemble": 0.18749713897705078
}