{
    "ROUGE-1": 0.0,
    "ROUGE-2": 0.0,
    "ROUGE-L": 0.0,
    "BERTScore (P)": 0.7235860824584961,
    "BERTScore (R)": 0.776222825050354,
    "BERTScore (F1)": 0.7489808201789856,
    "Distinct-1": 0.08384458077709611,
    "Distinct-2": 0.7259713701431493,
    "Ensemble": 0.1872452050447464
}