{
    "ROUGE-1": 0.0,
    "ROUGE-2": 0.0,
    "ROUGE-L": 0.0,
    "BERTScore (P)": 0.732048511505127,
    "BERTScore (R)": 0.7738916277885437,
    "BERTScore (F1)": 0.7523887753486633,
    "Distinct-1": 0.08704061895551257,
    "Distinct-2": 0.6789168278529981,
    "Ensemble": 0.18809719383716583
}