{
    "ROUGE-1": 0.0,
    "ROUGE-2": 0.0,
    "ROUGE-L": 0.0,
    "BERTScore (P)": 0.6367392539978027,
    "BERTScore (R)": 0.7716742753982544,
    "BERTScore (F1)": 0.6977429389953613,
    "Distinct-1": 0.19615384615384615,
    "Distinct-2": 0.9692307692307692,
    "Ensemble": 0.17443573474884033
}