{
    "ROUGE-1": 0.0,
    "ROUGE-2": 0.0,
    "ROUGE-L": 0.0,
    "BERTScore (P)": 0.6365024447441101,
    "BERTScore (R)": 0.7656059265136719,
    "BERTScore (F1)": 0.6951103806495667,
    "Distinct-1": 0.18407960199004975,
    "Distinct-2": 0.8507462686567164,
    "Ensemble": 0.17377759516239166
}