{
    "ROUGE-1": 0.0,
    "ROUGE-2": 0.0,
    "ROUGE-L": 0.0,
    "BERTScore (P)": 0.6660252213478088,
    "BERTScore (R)": 0.772401750087738,
    "BERTScore (F1)": 0.7152800559997559,
    "Distinct-1": 0.11746031746031746,
    "Distinct-2": 0.7365079365079366,
    "Ensemble": 0.17882001399993896
}