{
    "ROUGE-1": 0.0,
    "ROUGE-2": 0.0,
    "ROUGE-L": 0.0,
    "BERTScore (P)": 0.6468552350997925,
    "BERTScore (R)": 0.7648528814315796,
    "BERTScore (F1)": 0.7009226679801941,
    "Distinct-1": 0.16964285714285715,
    "Distinct-2": 0.8973214285714286,
    "Ensemble": 0.17523066699504852
}