{
    "ROUGE-1": 0.0,
    "ROUGE-2": 0.0,
    "ROUGE-L": 0.0,
    "BERTScore (P)": 0.5768784880638123,
    "BERTScore (R)": 0.7727546691894531,
    "BERTScore (F1)": 0.6606025099754333,
    "Distinct-1": 0.07988980716253444,
    "Distinct-2": 0.3002754820936639,
    "Ensemble": 0.16515062749385834
}