{
    "ROUGE-1": 0.0,
    "ROUGE-2": 0.0,
    "ROUGE-L": 0.0,
    "BERTScore (P)": 0.6400254964828491,
    "BERTScore (R)": 0.7720211744308472,
    "BERTScore (F1)": 0.6998539566993713,
    "Distinct-1": 0.10309278350515463,
    "Distinct-2": 0.3230240549828179,
    "Ensemble": 0.17496348917484283
}