{
    "ROUGE-1": 0.0,
    "ROUGE-2": 0.0,
    "ROUGE-L": 0.0,
    "BERTScore (P)": 0.7141009569168091,
    "BERTScore (R)": 0.7750239968299866,
    "BERTScore (F1)": 0.7433162331581116,
    "Distinct-1": 0.09394572025052192,
    "Distinct-2": 0.6951983298538622,
    "Ensemble": 0.1858290582895279
}