{
    "ROUGE-1": 0.0,
    "ROUGE-2": 0.0,
    "ROUGE-L": 0.0,
    "BERTScore (P)": 0.6175426840782166,
    "BERTScore (R)": 0.7737497091293335,
    "BERTScore (F1)": 0.6868771910667419,
    "Distinct-1": 0.1346938775510204,
    "Distinct-2": 0.4326530612244898,
    "Ensemble": 0.17171929776668549
}