{
    "ROUGE-1": 0.0,
    "ROUGE-2": 0.0,
    "ROUGE-L": 0.0,
    "BERTScore (P)": 0.638701856136322,
    "BERTScore (R)": 0.7793824672698975,
    "BERTScore (F1)": 0.702064037322998,
    "Distinct-1": 0.14732142857142858,
    "Distinct-2": 0.375,
    "Ensemble": 0.1755160093307495
}