{
    "ROUGE-1": 0.0,
    "ROUGE-2": 0.0,
    "ROUGE-L": 0.0,
    "BERTScore (P)": 0.5672060251235962,
    "BERTScore (R)": 0.7757959365844727,
    "BERTScore (F1)": 0.6553022861480713,
    "Distinct-1": 0.11046511627906977,
    "Distinct-2": 0.31976744186046513,
    "Ensemble": 0.16382557153701782
}