{
    "ROUGE-1": 0.0,
    "ROUGE-2": 0.0,
    "ROUGE-L": 0.0,
    "BERTScore (P)": 0.6672738790512085,
    "BERTScore (R)": 0.7727923393249512,
    "BERTScore (F1)": 0.7161672711372375,
    "Distinct-1": 0.13934426229508196,
    "Distinct-2": 0.9016393442622951,
    "Ensemble": 0.1790418177843094
}