{
    "ROUGE-1": 0.0,
    "ROUGE-2": 0.0,
    "ROUGE-L": 0.0,
    "BERTScore (P)": 0.6749211549758911,
    "BERTScore (R)": 0.7736204862594604,
    "BERTScore (F1)": 0.7209082841873169,
    "Distinct-1": 0.12427745664739884,
    "Distinct-2": 0.8352601156069365,
    "Ensemble": 0.18022707104682922
}