{
    "ROUGE-1": 0.0,
    "ROUGE-2": 0.0,
    "ROUGE-L": 0.0,
    "BERTScore (P)": 0.6852747797966003,
    "BERTScore (R)": 0.7730178236961365,
    "BERTScore (F1)": 0.7265065908432007,
    "Distinct-1": 0.12084592145015106,
    "Distinct-2": 0.8036253776435045,
    "Ensemble": 0.18162664771080017
}