{
    "ROUGE-1": 0.0,
    "ROUGE-2": 0.0,
    "ROUGE-L": 0.0,
    "BERTScore (P)": 0.6749342679977417,
    "BERTScore (R)": 0.7693789005279541,
    "BERTScore (F1)": 0.719068706035614,
    "Distinct-1": 0.11716621253405994,
    "Distinct-2": 0.7411444141689373,
    "Ensemble": 0.1797671765089035
}