{
    "ROUGE-1": 0.0,
    "ROUGE-2": 0.0,
    "ROUGE-L": 0.0,
    "BERTScore (P)": 0.683555543422699,
    "BERTScore (R)": 0.7708359956741333,
    "BERTScore (F1)": 0.7245768904685974,
    "Distinct-1": 0.19090909090909092,
    "Distinct-2": 1.0757575757575757,
    "Ensemble": 0.18114422261714935
}