{
    "ROUGE-1": 0.0,
    "ROUGE-2": 0.0,
    "ROUGE-L": 0.0,
    "BERTScore (P)": 0.6723101139068604,
    "BERTScore (R)": 0.7704628705978394,
    "BERTScore (F1)": 0.7180477976799011,
    "Distinct-1": 0.13920454545454544,
    "Distinct-2": 0.8778409090909091,
    "Ensemble": 0.17951194941997528
}