{
    "ROUGE-1": 0.0,
    "ROUGE-2": 0.0,
    "ROUGE-L": 0.0,
    "BERTScore (P)": 0.6705095171928406,
    "BERTScore (R)": 0.7679248452186584,
    "BERTScore (F1)": 0.7159185409545898,
    "Distinct-1": 0.12195121951219512,
    "Distinct-2": 0.6775067750677507,
    "Ensemble": 0.17897963523864746
}