{
    "ROUGE-1": 0.0,
    "ROUGE-2": 0.0,
    "ROUGE-L": 0.0,
    "BERTScore (P)": 0.6811482310295105,
    "BERTScore (R)": 0.7660776376724243,
    "BERTScore (F1)": 0.7211209535598755,
    "Distinct-1": 0.1331521739130435,
    "Distinct-2": 0.7418478260869565,
    "Ensemble": 0.18028023838996887
}