{
    "ROUGE-1": 0.0,
    "ROUGE-2": 0.0,
    "ROUGE-L": 0.0,
    "BERTScore (P)": 0.6850054860115051,
    "BERTScore (R)": 0.7603148818016052,
    "BERTScore (F1)": 0.7206981182098389,
    "Distinct-1": 0.13165266106442577,
    "Distinct-2": 0.8711484593837535,
    "Ensemble": 0.18017452955245972
}