{
    "ROUGE-1": 0.0,
    "ROUGE-2": 0.0,
    "ROUGE-L": 0.0,
    "BERTScore (P)": 0.6809064149856567,
    "BERTScore (R)": 0.7646787762641907,
    "BERTScore (F1)": 0.7203652858734131,
    "Distinct-1": 0.1320754716981132,
    "Distinct-2": 0.8113207547169812,
    "Ensemble": 0.18009132146835327
}