{
    "acc": 0.15949895615866388,
    "prec": 0.14410908939808004,
    "rec": 0.15949895615866388,
    "f1": 0.14755697105575763
}