{
    "acc": 0.06367432150313153,
    "prec": 0.05318016156174481,
    "rec": 0.06367432150313153,
    "f1": 0.05541957099286364
}