{
    "acc": 0.12640918580375782,
    "prec": 0.11157366340906578,
    "rec": 0.12640918580375782,
    "f1": 0.11474196277675014
}