{
    "ROUGE-1": 0.0,
    "ROUGE-2": 0.0,
    "ROUGE-L": 0.0,
    "BERTScore (P)": 0.6390230059623718,
    "BERTScore (R)": 0.7759284973144531,
    "BERTScore (F1)": 0.7008525133132935,
    "Distinct-1": 0.10426540284360189,
    "Distinct-2": 0.22748815165876776,
    "Ensemble": 0.17521312832832336
}