{
    "ROUGE-1": 0.0,
    "ROUGE-2": 0.0,
    "ROUGE-L": 0.0,
    "BERTScore (P)": 0.6189459562301636,
    "BERTScore (R)": 0.7616690397262573,
    "BERTScore (F1)": 0.6829304099082947,
    "Distinct-1": 0.2,
    "Distinct-2": 0.6352941176470588,
    "Ensemble": 0.17073260247707367
}