{
    "ROUGE-1": 0.0,
    "ROUGE-2": 0.0,
    "ROUGE-L": 0.0,
    "BERTScore (P)": 0.6143477559089661,
    "BERTScore (R)": 0.778530478477478,
    "BERTScore (F1)": 0.6867626905441284,
    "Distinct-1": 0.20454545454545456,
    "Distinct-2": 0.8125,
    "Ensemble": 0.1716906726360321
}