{
    "ROUGE-1": 0.0,
    "ROUGE-2": 0.0,
    "ROUGE-L": 0.0,
    "BERTScore (P)": 0.6401575803756714,
    "BERTScore (R)": 0.7811132669448853,
    "BERTScore (F1)": 0.7036457061767578,
    "Distinct-1": 0.1016949152542373,
    "Distinct-2": 0.23728813559322035,
    "Ensemble": 0.17591142654418945
}