{
    "ROUGE-1": 0.0,
    "ROUGE-2": 0.0,
    "ROUGE-L": 0.0,
    "BERTScore (P)": 0.6023330688476562,
    "BERTScore (R)": 0.7600837349891663,
    "BERTScore (F1)": 0.6720756888389587,
    "Distinct-1": 0.1638418079096045,
    "Distinct-2": 0.4745762711864407,
    "Ensemble": 0.16801892220973969
}