{
    "ROUGE-1": 0.0,
    "ROUGE-2": 0.0,
    "ROUGE-L": 0.0,
    "BERTScore (P)": 0.6195051670074463,
    "BERTScore (R)": 0.7825145721435547,
    "BERTScore (F1)": 0.6915335059165955,
    "Distinct-1": 0.15422885572139303,
    "Distinct-2": 0.6119402985074627,
    "Ensemble": 0.17288337647914886
}