{
    "ROUGE-1": 0.0,
    "ROUGE-2": 0.0,
    "ROUGE-L": 0.0,
    "BERTScore (P)": 0.6132251024246216,
    "BERTScore (R)": 0.7665120363235474,
    "BERTScore (F1)": 0.6813536286354065,
    "Distinct-1": 0.15609756097560976,
    "Distinct-2": 0.48292682926829267,
    "Ensemble": 0.17033840715885162
}