{
    "ROUGE-1": 0.0,
    "ROUGE-2": 0.0,
    "ROUGE-L": 0.0,
    "BERTScore (P)": 0.6196036338806152,
    "BERTScore (R)": 0.7601999044418335,
    "BERTScore (F1)": 0.682738721370697,
    "Distinct-1": 0.19796954314720813,
    "Distinct-2": 0.751269035532995,
    "Ensemble": 0.17068468034267426
}