{
    "ROUGE-1": 0.0,
    "ROUGE-2": 0.0,
    "ROUGE-L": 0.0,
    "BERTScore (P)": 0.7387946248054504,
    "BERTScore (R)": 0.7744016647338867,
    "BERTScore (F1)": 0.7561792135238647,
    "Distinct-1": 0.08624229979466119,
    "Distinct-2": 0.7351129363449692,
    "Ensemble": 0.1890448033809662
}