{
    "ROUGE-1": 0.0,
    "ROUGE-2": 0.0,
    "ROUGE-L": 0.0,
    "BERTScore (P)": 0.604655385017395,
    "BERTScore (R)": 0.7835458517074585,
    "BERTScore (F1)": 0.6825742721557617,
    "Distinct-1": 0.15,
    "Distinct-2": 0.43,
    "Ensemble": 0.17064356803894043
}