{
    "ROUGE-1": 0.0,
    "ROUGE-2": 0.0,
    "ROUGE-L": 0.0,
    "BERTScore (P)": 0.5957951545715332,
    "BERTScore (R)": 0.7607358694076538,
    "BERTScore (F1)": 0.6682379245758057,
    "Distinct-1": 0.7142857142857143,
    "Distinct-2": 1.1428571428571428,
    "Ensemble": 0.16705948114395142
}