{
    "ROUGE-1": 0.0,
    "ROUGE-2": 0.0,
    "ROUGE-L": 0.0,
    "BERTScore (P)": 0.6055300235748291,
    "BERTScore (R)": 0.7805497050285339,
    "BERTScore (F1)": 0.6819900274276733,
    "Distinct-1": 0.5384615384615384,
    "Distinct-2": 0.8923076923076924,
    "Ensemble": 0.17049750685691833
}