{
    "ROUGE-1": 0.0,
    "ROUGE-2": 0.0,
    "ROUGE-L": 0.0,
    "BERTScore (P)": 0.6098904609680176,
    "BERTScore (R)": 0.7667032480239868,
    "BERTScore (F1)": 0.6793652772903442,
    "Distinct-1": 0.6578947368421053,
    "Distinct-2": 1.131578947368421,
    "Ensemble": 0.16984131932258606
}