{
    "ROUGE-1": 0.0,
    "ROUGE-2": 0.0,
    "ROUGE-L": 0.0,
    "BERTScore (P)": 0.5976011753082275,
    "BERTScore (R)": 0.7601211071014404,
    "BERTScore (F1)": 0.669134259223938,
    "Distinct-1": 0.6428571428571429,
    "Distinct-2": 1.0,
    "Ensemble": 0.1672835648059845
}