{
    "ROUGE-1": 0.0,
    "ROUGE-2": 0.0,
    "ROUGE-L": 0.0,
    "BERTScore (P)": 0.59234619140625,
    "BERTScore (R)": 0.785982072353363,
    "BERTScore (F1)": 0.6755625605583191,
    "Distinct-1": 0.3333333333333333,
    "Distinct-2": 0.43333333333333335,
    "Ensemble": 0.16889064013957977
}