{
    "ROUGE-1": 0.0,
    "ROUGE-2": 0.0,
    "ROUGE-L": 0.0,
    "BERTScore (P)": 0.5971851944923401,
    "BERTScore (R)": 0.7698341608047485,
    "BERTScore (F1)": 0.6726072430610657,
    "Distinct-1": 0.1724137931034483,
    "Distinct-2": 0.22413793103448276,
    "Ensemble": 0.16815181076526642
}