{
    "ROUGE-1": 0.0,
    "ROUGE-2": 0.0,
    "ROUGE-L": 0.0,
    "BERTScore (P)": 0.6005574464797974,
    "BERTScore (R)": 0.7604714632034302,
    "BERTScore (F1)": 0.6711199283599854,
    "Distinct-1": 0.6216216216216216,
    "Distinct-2": 1.0810810810810811,
    "Ensemble": 0.16777998208999634
}