{
    "ROUGE-1": 0.0,
    "ROUGE-2": 0.0,
    "ROUGE-L": 0.0,
    "BERTScore (P)": 0.5959184169769287,
    "BERTScore (R)": 0.7689814567565918,
    "BERTScore (F1)": 0.6714781522750854,
    "Distinct-1": 0.7,
    "Distinct-2": 1.5,
    "Ensemble": 0.16786953806877136
}