{
    "ROUGE-1": 0.0,
    "ROUGE-2": 0.0,
    "ROUGE-L": 0.0,
    "BERTScore (P)": 0.5943622589111328,
    "BERTScore (R)": 0.7703208923339844,
    "BERTScore (F1)": 0.6709977388381958,
    "Distinct-1": 0.5294117647058824,
    "Distinct-2": 0.8627450980392157,
    "Ensemble": 0.16774943470954895
}