{
    "ROUGE-1": 0.0,
    "ROUGE-2": 0.0,
    "ROUGE-L": 0.0,
    "BERTScore (P)": 0.603638231754303,
    "BERTScore (R)": 0.7855406999588013,
    "BERTScore (F1)": 0.682680070400238,
    "Distinct-1": 0.4576271186440678,
    "Distinct-2": 0.5932203389830508,
    "Ensemble": 0.1706700176000595
}