{
    "acc": 0.9981210855949896,
    "prec": 0.9971816283924844,
    "rec": 0.9981210855949896,
    "f1": 0.9974947807933194
}