{
    "acc": 0.9957872564507636,
    "prec": 0.9936808846761453,
    "rec": 0.9957872564507636,
    "f1": 0.994383008601018
}