{
    "acc": 0.9964780981730135,
    "prec": 0.9947171472595201,
    "rec": 0.9964780981730135,
    "f1": 0.9953041308973513
}