{
    "acc": 0.9942074776197999,
    "prec": 0.9913112164296999,
    "rec": 0.9942074776197999,
    "f1": 0.9922766368263998
}