{
    "acc": 0.9920757208892802,
    "prec": 0.9882052975273314,
    "rec": 0.9920757208892802,
    "f1": 0.989489324235087
}