{
    "acc": 0.9987473903966597,
    "prec": 0.9981210855949896,
    "rec": 0.9987473903966597,
    "f1": 0.998329853862213
}