{
    "acc": 0.9966982170372001,
    "prec": 0.9950473255558001,
    "rec": 0.9966982170372001,
    "f1": 0.9955976227162668
}