{
    "acc": 0.9957202505219207,
    "prec": 0.993580375782881,
    "rec": 0.9957202505219207,
    "f1": 0.9942936673625608
}