{
    "ROUGE-1": 0.0,
    "ROUGE-2": 0.0,
    "ROUGE-L": 0.0,
    "BERTScore (P)": 0.562302827835083,
    "BERTScore (R)": 0.7849482297897339,
    "BERTScore (F1)": 0.6552284955978394,
    "Distinct-1": 0.10197368421052631,
    "Distinct-2": 0.2598684210526316,
    "Ensemble": 0.16380712389945984
}