{
    "ROUGE-1": 0.0,
    "ROUGE-2": 0.0,
    "ROUGE-L": 0.0,
    "BERTScore (P)": 0.7238645553588867,
    "BERTScore (R)": 0.7754467129707336,
    "BERTScore (F1)": 0.7487683892250061,
    "Distinct-1": 0.09259259259259259,
    "Distinct-2": 0.6975308641975309,
    "Ensemble": 0.18719209730625153
}