{
    "ROUGE-1": 0.0,
    "ROUGE-2": 0.0,
    "ROUGE-L": 0.0,
    "BERTScore (P)": 0.6094964742660522,
    "BERTScore (R)": 0.7706161141395569,
    "BERTScore (F1)": 0.6806514263153076,
    "Distinct-1": 0.12686567164179105,
    "Distinct-2": 0.5559701492537313,
    "Ensemble": 0.1701628565788269
}