{
    "ROUGE-1": 0.0,
    "ROUGE-2": 0.0,
    "ROUGE-L": 0.0,
    "BERTScore (P)": 0.7292087078094482,
    "BERTScore (R)": 0.7802078723907471,
    "BERTScore (F1)": 0.7538467645645142,
    "Distinct-1": 0.1271551724137931,
    "Distinct-2": 0.8771551724137931,
    "Ensemble": 0.18846169114112854
}