{
    "ROUGE-1": 0.0,
    "ROUGE-2": 0.0,
    "ROUGE-L": 0.0,
    "BERTScore (P)": 0.5928967595100403,
    "BERTScore (R)": 0.7724726796150208,
    "BERTScore (F1)": 0.670875608921051,
    "Distinct-1": 0.10752688172043011,
    "Distinct-2": 0.3010752688172043,
    "Ensemble": 0.16771890223026276
}