{
    "ROUGE-1": 0.0,
    "ROUGE-2": 0.0,
    "ROUGE-L": 0.0,
    "BERTScore (P)": 0.5875428915023804,
    "BERTScore (R)": 0.763942301273346,
    "BERTScore (F1)": 0.6642305254936218,
    "Distinct-1": 0.14218009478672985,
    "Distinct-2": 0.5876777251184834,
    "Ensemble": 0.16605763137340546
}