{
    "ROUGE-1": 0.0,
    "ROUGE-2": 0.0,
    "ROUGE-L": 0.0,
    "BERTScore (P)": 0.5890858769416809,
    "BERTScore (R)": 0.7754306197166443,
    "BERTScore (F1)": 0.6695342063903809,
    "Distinct-1": 0.13513513513513514,
    "Distinct-2": 0.6988416988416989,
    "Ensemble": 0.16738355159759521
}