{
    "ROUGE-1": 0.0,
    "ROUGE-2": 0.0,
    "ROUGE-L": 0.0,
    "BERTScore (P)": 0.581925630569458,
    "BERTScore (R)": 0.7665358781814575,
    "BERTScore (F1)": 0.6615937948226929,
    "Distinct-1": 0.13821138211382114,
    "Distinct-2": 0.5203252032520326,
    "Ensemble": 0.16539844870567322
}