{
    "ROUGE-1": 0.0,
    "ROUGE-2": 0.0,
    "ROUGE-L": 0.0,
    "BERTScore (P)": 0.5978965163230896,
    "BERTScore (R)": 0.7577992677688599,
    "BERTScore (F1)": 0.668417751789093,
    "Distinct-1": 0.10687022900763359,
    "Distinct-2": 0.35877862595419846,
    "Ensemble": 0.16710443794727325
}