{
    "ROUGE-1": 0.0,
    "ROUGE-2": 0.0,
    "ROUGE-L": 0.0,
    "BERTScore (P)": 0.6089920997619629,
    "BERTScore (R)": 0.7803412675857544,
    "BERTScore (F1)": 0.6841002702713013,
    "Distinct-1": 0.11870503597122302,
    "Distinct-2": 0.4244604316546763,
    "Ensemble": 0.17102506756782532
}