{
    "ROUGE-1": 0.0,
    "ROUGE-2": 0.0,
    "ROUGE-L": 0.0,
    "METEOR": 0.0,
    "BERTScore (P)": 0.62628173828125,
    "BERTScore (R)": 0.7690873146057129,
    "BERTScore (F1)": 0.6903769969940186,
    "Distinct-1": 0.9411764705882353,
    "Distinct-2": 0.9411764705882353,
    "Ensemble": 0.17259424924850464
}