{
    "ROUGE-1": 0.0,
    "ROUGE-2": 0.0,
    "ROUGE-L": 0.0,
    "METEOR": 0.0,
    "BERTScore (P)": 0.6337865591049194,
    "BERTScore (R)": 0.7606848478317261,
    "BERTScore (F1)": 0.6914618015289307,
    "Distinct-1": 1.0,
    "Distinct-2": 0.9230769230769231,
    "Ensemble": 0.17286545038223267
}