{
    "ROUGE-1": 0.0,
    "ROUGE-2": 0.0,
    "ROUGE-L": 0.0,
    "METEOR": 0.0,
    "BERTScore (P)": 0.6329436898231506,
    "BERTScore (R)": 0.7571933269500732,
    "BERTScore (F1)": 0.6895158886909485,
    "Distinct-1": 0.9166666666666666,
    "Distinct-2": 0.9166666666666666,
    "Ensemble": 0.17237897217273712
}