{
    "ROUGE-1": 0.0,
    "ROUGE-2": 0.0,
    "ROUGE-L": 0.0,
    "METEOR": 0.0,
    "BERTScore (P)": 0.6314733028411865,
    "BERTScore (R)": 0.7789069414138794,
    "BERTScore (F1)": 0.6974841356277466,
    "Distinct-1": 1.0,
    "Distinct-2": 0.8333333333333334,
    "Ensemble": 0.17437103390693665
}