{
    "ROUGE-1": 0.0,
    "ROUGE-2": 0.0,
    "ROUGE-L": 0.0,
    "METEOR": 0.0,
    "BERTScore (P)": 0.6383071541786194,
    "BERTScore (R)": 0.7659482955932617,
    "BERTScore (F1)": 0.696326732635498,
    "Distinct-1": 1.0,
    "Distinct-2": 0.875,
    "Ensemble": 0.1740816831588745
}