{
    "ROUGE-1": 0.0,
    "ROUGE-2": 0.0,
    "ROUGE-L": 0.0,
    "METEOR": 0.011286681715575623,
    "BERTScore (P)": 0.7298506498336792,
    "BERTScore (R)": 0.7717515230178833,
    "BERTScore (F1)": 0.7502164840698242,
    "Distinct-1": 0.6706730769230769,
    "Distinct-2": 0.9735576923076923,
    "Ensemble": 0.18755412101745605
}