{
    "ROUGE-1": 0.0,
    "ROUGE-2": 0.0,
    "ROUGE-L": 0.0,
    "METEOR": 0.0,
    "BERTScore (P)": 0.7318170666694641,
    "BERTScore (R)": 0.7802650928497314,
    "BERTScore (F1)": 0.755264937877655,
    "Distinct-1": 0.5675675675675675,
    "Distinct-2": 0.9251559251559252,
    "Ensemble": 0.18881623446941376
}