{
    "ROUGE-1": 0.0,
    "ROUGE-2": 0.0,
    "ROUGE-L": 0.0,
    "METEOR": 0.012658227848101267,
    "BERTScore (P)": 0.728432297706604,
    "BERTScore (R)": 0.7688789367675781,
    "BERTScore (F1)": 0.7481092810630798,
    "Distinct-1": 0.7038043478260869,
    "Distinct-2": 0.967391304347826,
    "Ensemble": 0.18702732026576996
}