{
    "ROUGE-1": 0.0,
    "ROUGE-2": 0.0,
    "ROUGE-L": 0.0,
    "METEOR": 0.0,
    "BERTScore (P)": 0.762392520904541,
    "BERTScore (R)": 0.7742277383804321,
    "BERTScore (F1)": 0.7682645916938782,
    "Distinct-1": 0.7058823529411765,
    "Distinct-2": 0.8970588235294118,
    "Ensemble": 0.19206614792346954
}