{
    "ROUGE-1": 0.0,
    "ROUGE-2": 0.0,
    "ROUGE-L": 0.0,
    "METEOR": 0.0,
    "BERTScore (P)": 0.7209843993186951,
    "BERTScore (R)": 0.7799266576766968,
    "BERTScore (F1)": 0.7492981553077698,
    "Distinct-1": 0.5492227979274611,
    "Distinct-2": 0.8886010362694301,
    "Ensemble": 0.18732453882694244
}