{
    "ROUGE-1": 0.0,
    "ROUGE-2": 0.0,
    "ROUGE-L": 0.0,
    "METEOR": 0.0,
    "BERTScore (P)": 0.7297764420509338,
    "BERTScore (R)": 0.7773471474647522,
    "BERTScore (F1)": 0.752811074256897,
    "Distinct-1": 0.6199376947040498,
    "Distinct-2": 0.9376947040498442,
    "Ensemble": 0.18820276856422424
}