{
    "ROUGE-1": 0.0,
    "ROUGE-2": 0.0,
    "ROUGE-L": 0.0,
    "BERTScore (P)": 0.6698864698410034,
    "BERTScore (R)": 0.7603428363800049,
    "BERTScore (F1)": 0.7122541666030884,
    "Distinct-1": 0.13186813186813187,
    "Distinct-2": 0.8241758241758241,
    "Ensemble": 0.1780635416507721
}