{
    "ROUGE-1": 0.0,
    "ROUGE-2": 0.0,
    "ROUGE-L": 0.0,
    "BERTScore (P)": 0.6804100275039673,
    "BERTScore (R)": 0.7814352512359619,
    "BERTScore (F1)": 0.7274318337440491,
    "Distinct-1": 0.11081794195250659,
    "Distinct-2": 0.7730870712401056,
    "Ensemble": 0.18185795843601227
}