{
    "ROUGE-1": 0.0,
    "ROUGE-2": 0.0,
    "ROUGE-L": 0.0,
    "BERTScore (P)": 0.6774957776069641,
    "BERTScore (R)": 0.7778378129005432,
    "BERTScore (F1)": 0.7242076396942139,
    "Distinct-1": 0.12912087912087913,
    "Distinct-2": 0.8406593406593407,
    "Ensemble": 0.18105190992355347
}