{
    "ROUGE-1": 0.0,
    "ROUGE-2": 0.0,
    "ROUGE-L": 0.0,
    "BERTScore (P)": 0.6789779663085938,
    "BERTScore (R)": 0.7678487300872803,
    "BERTScore (F1)": 0.7206838726997375,
    "Distinct-1": 0.1322314049586777,
    "Distinct-2": 0.8815426997245179,
    "Ensemble": 0.1801709681749344
}