{
    "ROUGE-1": 0.0,
    "ROUGE-2": 0.0,
    "ROUGE-L": 0.0,
    "BERTScore (P)": 0.6634372472763062,
    "BERTScore (R)": 0.7691612243652344,
    "BERTScore (F1)": 0.712398111820221,
    "Distinct-1": 0.10899182561307902,
    "Distinct-2": 0.8201634877384196,
    "Ensemble": 0.17809952795505524
}