{
    "ROUGE-1": 0.0,
    "ROUGE-2": 0.0,
    "ROUGE-L": 0.0,
    "BERTScore (P)": 0.6741322875022888,
    "BERTScore (R)": 0.77257239818573,
    "BERTScore (F1)": 0.7200031876564026,
    "Distinct-1": 0.11647727272727272,
    "Distinct-2": 0.8323863636363636,
    "Ensemble": 0.18000079691410065
}