{
    "ROUGE-1": 0.0,
    "ROUGE-2": 0.0,
    "ROUGE-L": 0.0,
    "BERTScore (P)": 0.6738759875297546,
    "BERTScore (R)": 0.7735239267349243,
    "BERTScore (F1)": 0.7202697992324829,
    "Distinct-1": 0.12853470437017994,
    "Distinct-2": 0.8431876606683805,
    "Ensemble": 0.18006744980812073
}