{
    "ROUGE-1": 0.0,
    "ROUGE-2": 0.0,
    "ROUGE-L": 0.0,
    "BERTScore (P)": 0.6828765869140625,
    "BERTScore (R)": 0.7700535655021667,
    "BERTScore (F1)": 0.7238497138023376,
    "Distinct-1": 0.12962962962962962,
    "Distinct-2": 0.8253968253968254,
    "Ensemble": 0.1809624284505844
}