{
    "ROUGE-1": 0.0,
    "ROUGE-2": 0.0,
    "ROUGE-L": 0.0,
    "BERTScore (P)": 0.6776424646377563,
    "BERTScore (R)": 0.77433180809021,
    "BERTScore (F1)": 0.7227678298950195,
    "Distinct-1": 0.10909090909090909,
    "Distinct-2": 0.7246753246753247,
    "Ensemble": 0.18069195747375488
}