{
    "ROUGE-1": 0.0,
    "ROUGE-2": 0.0,
    "ROUGE-L": 0.0,
    "BERTScore (P)": 0.6595363616943359,
    "BERTScore (R)": 0.7597516179084778,
    "BERTScore (F1)": 0.7061058878898621,
    "Distinct-1": 0.14127423822714683,
    "Distinct-2": 0.8559556786703602,
    "Ensemble": 0.17652647197246552
}