{
    "ROUGE-1": 0.0,
    "ROUGE-2": 0.0,
    "ROUGE-L": 0.0,
    "METEOR": 0.0,
    "BERTScore (P)": 0.6311996579170227,
    "BERTScore (R)": 0.7706339359283447,
    "BERTScore (F1)": 0.6939823627471924,
    "Distinct-1": 1.0,
    "Distinct-2": 0.8888888888888888,
    "Ensemble": 0.1734955906867981
}