{
    "ROUGE-1": 0.0,
    "ROUGE-2": 0.0,
    "ROUGE-L": 0.0,
    "METEOR": 0.0,
    "BERTScore (P)": 0.6383755207061768,
    "BERTScore (R)": 0.7671108841896057,
    "BERTScore (F1)": 0.6968474984169006,
    "Distinct-1": 1.0,
    "Distinct-2": 0.9166666666666666,
    "Ensemble": 0.17421187460422516
}