{
    "ROUGE-1": 0.0,
    "ROUGE-2": 0.0,
    "ROUGE-L": 0.0,
    "METEOR": 0.0,
    "BERTScore (P)": 0.6371073126792908,
    "BERTScore (R)": 0.7595424652099609,
    "BERTScore (F1)": 0.6929582953453064,
    "Distinct-1": 1.0,
    "Distinct-2": 0.9333333333333333,
    "Ensemble": 0.1732395738363266
}