{
    "ROUGE-1": 0.0,
    "ROUGE-2": 0.0,
    "ROUGE-L": 0.0,
    "METEOR": 0.0,
    "BERTScore (P)": 0.634641706943512,
    "BERTScore (R)": 0.7706102132797241,
    "BERTScore (F1)": 0.6960479617118835,
    "Distinct-1": 1.0,
    "Distinct-2": 0.9230769230769231,
    "Ensemble": 0.1740119904279709
}