{
    "ROUGE-1": 0.0,
    "ROUGE-2": 0.0,
    "ROUGE-L": 0.0,
    "METEOR": 0.0,
    "BERTScore (P)": 0.6342618465423584,
    "BERTScore (R)": 0.7576600313186646,
    "BERTScore (F1)": 0.6904911398887634,
    "Distinct-1": 1.0,
    "Distinct-2": 0.9444444444444444,
    "Ensemble": 0.17262278497219086
}