{
    "ROUGE-1": 0.0,
    "ROUGE-2": 0.0,
    "ROUGE-L": 0.0,
    "BERTScore (P)": 0.7317671775817871,
    "BERTScore (R)": 0.7702248692512512,
    "BERTScore (F1)": 0.7505037188529968,
    "Distinct-1": 0.125,
    "Distinct-2": 0.9364035087719298,
    "Ensemble": 0.1876259297132492
}