{
    "ROUGE-1": 0.0,
    "ROUGE-2": 0.0,
    "ROUGE-L": 0.0,
    "BERTScore (P)": 0.736315131187439,
    "BERTScore (R)": 0.77382892370224,
    "BERTScore (F1)": 0.7546061277389526,
    "Distinct-1": 0.10677618069815195,
    "Distinct-2": 0.8090349075975359,
    "Ensemble": 0.18865153193473816
}