{
    "ROUGE-1": 0.0,
    "ROUGE-2": 0.0,
    "ROUGE-L": 0.0,
    "BERTScore (P)": 0.7274720072746277,
    "BERTScore (R)": 0.7727965116500854,
    "BERTScore (F1)": 0.7494496703147888,
    "Distinct-1": 0.079002079002079,
    "Distinct-2": 0.6611226611226612,
    "Ensemble": 0.1873624175786972
}