{
    "ROUGE-1": 0.0,
    "ROUGE-2": 0.0,
    "ROUGE-L": 0.0,
    "BERTScore (P)": 0.7264342308044434,
    "BERTScore (R)": 0.775344967842102,
    "BERTScore (F1)": 0.7500931024551392,
    "Distinct-1": 0.09856262833675565,
    "Distinct-2": 0.7392197125256673,
    "Ensemble": 0.1875232756137848
}