{
    "ROUGE-1": 0.0,
    "ROUGE-2": 0.0,
    "ROUGE-L": 0.0,
    "BERTScore (P)": 0.7367891669273376,
    "BERTScore (R)": 0.7848893404006958,
    "BERTScore (F1)": 0.7600790858268738,
    "Distinct-1": 0.08519269776876268,
    "Distinct-2": 0.7342799188640974,
    "Ensemble": 0.19001977145671844
}