{
    "ROUGE-1": 0.0,
    "ROUGE-2": 0.0,
    "ROUGE-L": 0.0,
    "BERTScore (P)": 0.7330044507980347,
    "BERTScore (R)": 0.7661524415016174,
    "BERTScore (F1)": 0.7492119669914246,
    "Distinct-1": 0.1223529411764706,
    "Distinct-2": 0.9341176470588235,
    "Ensemble": 0.18730299174785614
}