{
    "ROUGE-1": 0.0,
    "ROUGE-2": 0.0,
    "ROUGE-L": 0.0,
    "BERTScore (P)": 0.7228078842163086,
    "BERTScore (R)": 0.7738065719604492,
    "BERTScore (F1)": 0.7474383115768433,
    "Distinct-1": 0.08519269776876268,
    "Distinct-2": 0.6450304259634888,
    "Ensemble": 0.18685957789421082
}