{
    "ROUGE-1": 0.0,
    "ROUGE-2": 0.0,
    "ROUGE-L": 0.0,
    "BERTScore (P)": 0.7328444719314575,
    "BERTScore (R)": 0.7718467712402344,
    "BERTScore (F1)": 0.7518401741981506,
    "Distinct-1": 0.11836734693877551,
    "Distinct-2": 0.8551020408163266,
    "Ensemble": 0.18796004354953766
}