{
    "ROUGE-1": 0.0,
    "ROUGE-2": 0.0,
    "ROUGE-L": 0.0,
    "BERTScore (P)": 0.7286766767501831,
    "BERTScore (R)": 0.7710774540901184,
    "BERTScore (F1)": 0.749277651309967,
    "Distinct-1": 0.08502024291497975,
    "Distinct-2": 0.728744939271255,
    "Ensemble": 0.18731941282749176
}