{
    "ROUGE-1": 0.0,
    "ROUGE-2": 0.0,
    "ROUGE-L": 0.0,
    "BERTScore (P)": 0.7290051579475403,
    "BERTScore (R)": 0.7777105569839478,
    "BERTScore (F1)": 0.752570629119873,
    "Distinct-1": 0.09111111111111111,
    "Distinct-2": 0.7622222222222222,
    "Ensemble": 0.18814265727996826
}