{
    "ROUGE-1": 0.0,
    "ROUGE-2": 0.0,
    "ROUGE-L": 0.0,
    "BERTScore (P)": 0.7319679856300354,
    "BERTScore (R)": 0.7806391716003418,
    "BERTScore (F1)": 0.7555205821990967,
    "Distinct-1": 0.1095890410958904,
    "Distinct-2": 0.867579908675799,
    "Ensemble": 0.18888014554977417
}