{
    "ROUGE-1": 0.0,
    "ROUGE-2": 0.0,
    "ROUGE-L": 0.0,
    "BERTScore (P)": 0.7340078353881836,
    "BERTScore (R)": 0.779670000076294,
    "BERTScore (F1)": 0.7561501264572144,
    "Distinct-1": 0.08316831683168317,
    "Distinct-2": 0.7029702970297029,
    "Ensemble": 0.1890375316143036
}