{
    "ROUGE-1": 0.0,
    "ROUGE-2": 0.0,
    "ROUGE-L": 0.0,
    "BERTScore (P)": 0.6387879252433777,
    "BERTScore (R)": 0.7861754894256592,
    "BERTScore (F1)": 0.7048593759536743,
    "Distinct-1": 0.13389121338912133,
    "Distinct-2": 0.502092050209205,
    "Ensemble": 0.17621484398841858
}