{
    "ROUGE-1": 0.0,
    "ROUGE-2": 0.0,
    "ROUGE-L": 0.0,
    "BERTScore (P)": 0.7323017120361328,
    "BERTScore (R)": 0.772973358631134,
    "BERTScore (F1)": 0.7520880699157715,
    "Distinct-1": 0.0916030534351145,
    "Distinct-2": 0.7099236641221374,
    "Ensemble": 0.18802201747894287
}