{
    "ROUGE-1": 0.0,
    "ROUGE-2": 0.0,
    "ROUGE-L": 0.0,
    "BERTScore (P)": 0.7182020545005798,
    "BERTScore (R)": 0.7719740271568298,
    "BERTScore (F1)": 0.7441179156303406,
    "Distinct-1": 0.0907258064516129,
    "Distinct-2": 0.657258064516129,
    "Ensemble": 0.18602947890758514
}