{
    "ROUGE-1": 0.0,
    "ROUGE-2": 0.0,
    "ROUGE-L": 0.0,
    "BERTScore (P)": 0.7340168952941895,
    "BERTScore (R)": 0.7692503929138184,
    "BERTScore (F1)": 0.7512207627296448,
    "Distinct-1": 0.10638297872340426,
    "Distinct-2": 0.8212765957446808,
    "Ensemble": 0.1878051906824112
}