{
    "ROUGE-1": 0.0,
    "ROUGE-2": 0.0,
    "ROUGE-L": 0.0,
    "BERTScore (P)": 0.7308779954910278,
    "BERTScore (R)": 0.7838059663772583,
    "BERTScore (F1)": 0.7564172744750977,
    "Distinct-1": 0.0841683366733467,
    "Distinct-2": 0.7254509018036072,
    "Ensemble": 0.18910431861877441
}