{
    "ROUGE-1": 0.0,
    "ROUGE-2": 0.0,
    "ROUGE-L": 0.0,
    "BERTScore (P)": 0.7315171957015991,
    "BERTScore (R)": 0.7708246111869812,
    "BERTScore (F1)": 0.7506566643714905,
    "Distinct-1": 0.09033613445378151,
    "Distinct-2": 0.6911764705882353,
    "Ensemble": 0.18766416609287262
}