{
    "ROUGE-1": 0.0,
    "ROUGE-2": 0.0,
    "ROUGE-L": 0.0,
    "BERTScore (P)": 0.6165931224822998,
    "BERTScore (R)": 0.776279866695404,
    "BERTScore (F1)": 0.6872828006744385,
    "Distinct-1": 0.09900990099009901,
    "Distinct-2": 0.3432343234323432,
    "Ensemble": 0.17182070016860962
}