{
    "ROUGE-1": 0.0,
    "ROUGE-2": 0.0,
    "ROUGE-L": 0.0,
    "BERTScore (P)": 0.7360848188400269,
    "BERTScore (R)": 0.7772010564804077,
    "BERTScore (F1)": 0.7560843825340271,
    "Distinct-1": 0.09197651663405088,
    "Distinct-2": 0.7123287671232876,
    "Ensemble": 0.18902109563350677
}