{
    "ROUGE-1": 0.0,
    "ROUGE-2": 0.0,
    "ROUGE-L": 0.0,
    "BERTScore (P)": 0.58649742603302,
    "BERTScore (R)": 0.7700208425521851,
    "BERTScore (F1)": 0.6658446788787842,
    "Distinct-1": 0.25748502994011974,
    "Distinct-2": 1.095808383233533,
    "Ensemble": 0.16646116971969604
}