{
    "ROUGE-1": 0.0,
    "ROUGE-2": 0.0,
    "ROUGE-L": 0.0,
    "BERTScore (P)": 0.6122863292694092,
    "BERTScore (R)": 0.7581158876419067,
    "BERTScore (F1)": 0.6774419546127319,
    "Distinct-1": 0.2711864406779661,
    "Distinct-2": 1.6836158192090396,
    "Ensemble": 0.16936048865318298
}