{
    "ROUGE-1": 0.0,
    "ROUGE-2": 0.0,
    "ROUGE-L": 0.0,
    "BERTScore (P)": 0.6055200099945068,
    "BERTScore (R)": 0.7612974643707275,
    "BERTScore (F1)": 0.6745316982269287,
    "Distinct-1": 0.22340425531914893,
    "Distinct-2": 1.2340425531914894,
    "Ensemble": 0.16863292455673218
}