{
    "ROUGE-1": 0.0,
    "ROUGE-2": 0.0,
    "ROUGE-L": 0.0,
    "BERTScore (P)": 0.7321188449859619,
    "BERTScore (R)": 0.7692298889160156,
    "BERTScore (F1)": 0.7502157092094421,
    "Distinct-1": 0.10492505353319058,
    "Distinct-2": 0.8008565310492506,
    "Ensemble": 0.18755392730236053
}