{
    "ROUGE-1": 0.0,
    "ROUGE-2": 0.0,
    "ROUGE-L": 0.0,
    "BERTScore (P)": 0.6103897094726562,
    "BERTScore (R)": 0.7775508761405945,
    "BERTScore (F1)": 0.6839039325714111,
    "Distinct-1": 0.225130890052356,
    "Distinct-2": 1.2513089005235603,
    "Ensemble": 0.17097598314285278
}