{
    "ROUGE-1": 0.0,
    "ROUGE-2": 0.0,
    "ROUGE-L": 0.0,
    "BERTScore (P)": 0.7168404459953308,
    "BERTScore (R)": 0.7745644450187683,
    "BERTScore (F1)": 0.744585394859314,
    "Distinct-1": 0.09513742071881606,
    "Distinct-2": 0.718816067653277,
    "Ensemble": 0.1861463487148285
}