{
    "ROUGE-1": 0.0,
    "ROUGE-2": 0.0,
    "ROUGE-L": 0.0,
    "BERTScore (P)": 0.6113660931587219,
    "BERTScore (R)": 0.75281822681427,
    "BERTScore (F1)": 0.6747585535049438,
    "Distinct-1": 0.2611111111111111,
    "Distinct-2": 1.3277777777777777,
    "Ensemble": 0.16868963837623596
}