{
    "ROUGE-1": 0.0,
    "ROUGE-2": 0.0,
    "ROUGE-L": 0.0,
    "BERTScore (P)": 0.6072825193405151,
    "BERTScore (R)": 0.7648623585700989,
    "BERTScore (F1)": 0.6770240664482117,
    "Distinct-1": 0.27741935483870966,
    "Distinct-2": 1.4,
    "Ensemble": 0.16925601661205292
}