{
    "ROUGE-1": 0.0,
    "ROUGE-2": 0.0,
    "ROUGE-L": 0.0,
    "BERTScore (P)": 0.6112051010131836,
    "BERTScore (R)": 0.7586547136306763,
    "BERTScore (F1)": 0.676994264125824,
    "Distinct-1": 0.24444444444444444,
    "Distinct-2": 1.2777777777777777,
    "Ensemble": 0.169248566031456
}