{
    "ROUGE-1": 0.0,
    "ROUGE-2": 0.0,
    "ROUGE-L": 0.0,
    "BERTScore (P)": 0.6043081879615784,
    "BERTScore (R)": 0.7725309133529663,
    "BERTScore (F1)": 0.678142786026001,
    "Distinct-1": 0.27419354838709675,
    "Distinct-2": 1.456989247311828,
    "Ensemble": 0.16953569650650024
}