{
    "ROUGE-1": 0.0,
    "ROUGE-2": 0.0,
    "ROUGE-L": 0.0,
    "BERTScore (P)": 0.7342663407325745,
    "BERTScore (R)": 0.7718875408172607,
    "BERTScore (F1)": 0.7526071071624756,
    "Distinct-1": 0.09710743801652892,
    "Distinct-2": 0.7665289256198347,
    "Ensemble": 0.1881517767906189
}