{
    "ROUGE-1": 0.0,
    "ROUGE-2": 0.0,
    "ROUGE-L": 0.0,
    "BERTScore (P)": 0.7330818176269531,
    "BERTScore (R)": 0.7838902473449707,
    "BERTScore (F1)": 0.7576351761817932,
    "Distinct-1": 0.11387163561076605,
    "Distinct-2": 0.8302277432712215,
    "Ensemble": 0.1894087940454483
}