{
    "ROUGE-1": 0.0,
    "ROUGE-2": 0.0,
    "ROUGE-L": 0.0,
    "BERTScore (P)": 0.7247000932693481,
    "BERTScore (R)": 0.7714750170707703,
    "BERTScore (F1)": 0.7473564147949219,
    "Distinct-1": 0.07283464566929133,
    "Distinct-2": 0.6043307086614174,
    "Ensemble": 0.18683910369873047
}