{
    "ROUGE-1": 0.0,
    "ROUGE-2": 0.0,
    "ROUGE-L": 0.0,
    "BERTScore (P)": 0.7240304946899414,
    "BERTScore (R)": 0.7742553949356079,
    "BERTScore (F1)": 0.7483011484146118,
    "Distinct-1": 0.10752688172043011,
    "Distinct-2": 0.8086021505376344,
    "Ensemble": 0.18707528710365295
}