{
    "ROUGE-1": 0.0,
    "ROUGE-2": 0.0,
    "ROUGE-L": 0.0,
    "BERTScore (P)": 0.7259936332702637,
    "BERTScore (R)": 0.7851920127868652,
    "BERTScore (F1)": 0.7544333338737488,
    "Distinct-1": 0.10416666666666667,
    "Distinct-2": 0.78125,
    "Ensemble": 0.1886083334684372
}