{
    "ROUGE-1": 0.0,
    "ROUGE-2": 0.0,
    "ROUGE-L": 0.0,
    "BERTScore (P)": 0.7335454225540161,
    "BERTScore (R)": 0.7743438482284546,
    "BERTScore (F1)": 0.75339275598526,
    "Distinct-1": 0.12776412776412777,
    "Distinct-2": 0.9975429975429976,
    "Ensemble": 0.188348188996315
}