{
    "ROUGE-1": 0.0,
    "ROUGE-2": 0.0,
    "ROUGE-L": 0.0,
    "BERTScore (P)": 0.6547266244888306,
    "BERTScore (R)": 0.7742413282394409,
    "BERTScore (F1)": 0.7094860076904297,
    "Distinct-1": 0.19776119402985073,
    "Distinct-2": 1.1902985074626866,
    "Ensemble": 0.17737150192260742
}