{
    "ROUGE-1": 0.0,
    "ROUGE-2": 0.0,
    "ROUGE-L": 0.0,
    "BERTScore (P)": 0.722925066947937,
    "BERTScore (R)": 0.7762235999107361,
    "BERTScore (F1)": 0.7486269474029541,
    "Distinct-1": 0.09072164948453608,
    "Distinct-2": 0.7051546391752578,
    "Ensemble": 0.18715673685073853
}