{
    "ROUGE-1": 0.0,
    "ROUGE-2": 0.0,
    "ROUGE-L": 0.0,
    "BERTScore (P)": 0.7320011854171753,
    "BERTScore (R)": 0.7705023884773254,
    "BERTScore (F1)": 0.7507584691047668,
    "Distinct-1": 0.08506224066390042,
    "Distinct-2": 0.6970954356846473,
    "Ensemble": 0.1876896172761917
}