{
    "ROUGE-1": 0.0,
    "ROUGE-2": 0.0,
    "ROUGE-L": 0.0,
    "BERTScore (P)": 0.7278441190719604,
    "BERTScore (R)": 0.779344916343689,
    "BERTScore (F1)": 0.7527146339416504,
    "Distinct-1": 0.10619469026548672,
    "Distinct-2": 0.8053097345132744,
    "Ensemble": 0.1881786584854126
}