{
    "ROUGE-1": 0.0,
    "ROUGE-2": 0.0,
    "ROUGE-L": 0.0,
    "BERTScore (P)": 0.6390944123268127,
    "BERTScore (R)": 0.7758641242980957,
    "BERTScore (F1)": 0.7008692026138306,
    "Distinct-1": 0.1245674740484429,
    "Distinct-2": 0.8685121107266436,
    "Ensemble": 0.17521730065345764
}