{
    "ROUGE-1": 0.0,
    "ROUGE-2": 0.0,
    "ROUGE-L": 0.0,
    "BERTScore (P)": 0.643303394317627,
    "BERTScore (R)": 0.7633761763572693,
    "BERTScore (F1)": 0.698215126991272,
    "Distinct-1": 0.12312312312312312,
    "Distinct-2": 0.7237237237237237,
    "Ensemble": 0.174553781747818
}