{
    "ROUGE-1": 0.0,
    "ROUGE-2": 0.0,
    "ROUGE-L": 0.0,
    "BERTScore (P)": 0.6506435871124268,
    "BERTScore (R)": 0.7657713890075684,
    "BERTScore (F1)": 0.703528642654419,
    "Distinct-1": 0.13804713804713806,
    "Distinct-2": 0.8249158249158249,
    "Ensemble": 0.17588216066360474
}