{
    "ROUGE-1": 0.0,
    "ROUGE-2": 0.0,
    "ROUGE-L": 0.0,
    "BERTScore (P)": 0.6455914974212646,
    "BERTScore (R)": 0.7631368041038513,
    "BERTScore (F1)": 0.6994600892066956,
    "Distinct-1": 0.13680781758957655,
    "Distinct-2": 0.8110749185667753,
    "Ensemble": 0.1748650223016739
}