{
    "ROUGE-1": 0.0,
    "ROUGE-2": 0.0,
    "ROUGE-L": 0.0,
    "BERTScore (P)": 0.644241213798523,
    "BERTScore (R)": 0.7686160206794739,
    "BERTScore (F1)": 0.7009541988372803,
    "Distinct-1": 0.13548387096774195,
    "Distinct-2": 0.9483870967741935,
    "Ensemble": 0.17523854970932007
}