{
    "ROUGE-1": 0.0,
    "ROUGE-2": 0.0,
    "ROUGE-L": 0.0,
    "BERTScore (P)": 0.646843671798706,
    "BERTScore (R)": 0.763015866279602,
    "BERTScore (F1)": 0.7001435160636902,
    "Distinct-1": 0.13829787234042554,
    "Distinct-2": 0.7659574468085106,
    "Ensemble": 0.17503587901592255
}