{
    "ROUGE-1": 0.0,
    "ROUGE-2": 0.0,
    "ROUGE-L": 0.0,
    "BERTScore (P)": 0.6433686017990112,
    "BERTScore (R)": 0.7712609171867371,
    "BERTScore (F1)": 0.7015336155891418,
    "Distinct-1": 0.1134020618556701,
    "Distinct-2": 0.7216494845360825,
    "Ensemble": 0.17538340389728546
}