{
    "ROUGE-1": 0.0,
    "ROUGE-2": 0.0,
    "ROUGE-L": 0.0,
    "BERTScore (P)": 0.645987868309021,
    "BERTScore (R)": 0.759461522102356,
    "BERTScore (F1)": 0.6981438994407654,
    "Distinct-1": 0.1069182389937107,
    "Distinct-2": 0.6226415094339622,
    "Ensemble": 0.17453597486019135
}