{
    "ROUGE-1": 0.0,
    "ROUGE-2": 0.0,
    "ROUGE-L": 0.0,
    "BERTScore (P)": 0.6410624980926514,
    "BERTScore (R)": 0.7677335739135742,
    "BERTScore (F1)": 0.6987032890319824,
    "Distinct-1": 0.11683848797250859,
    "Distinct-2": 0.7766323024054983,
    "Ensemble": 0.1746758222579956
}