{
    "ROUGE-1": 0.0,
    "ROUGE-2": 0.0,
    "ROUGE-L": 0.0,
    "BERTScore (P)": 0.6321744918823242,
    "BERTScore (R)": 0.7541642189025879,
    "BERTScore (F1)": 0.6878021359443665,
    "Distinct-1": 0.11295681063122924,
    "Distinct-2": 0.7009966777408638,
    "Ensemble": 0.1719505339860916
}