{
    "ROUGE-1": 0.0,
    "ROUGE-2": 0.0,
    "ROUGE-L": 0.0,
    "METEOR": 0.0,
    "BERTScore (P)": 0.6361356973648071,
    "BERTScore (R)": 0.7744250297546387,
    "BERTScore (F1)": 0.6985015273094177,
    "Distinct-1": 0.9166666666666666,
    "Distinct-2": 0.9722222222222222,
    "Ensemble": 0.17462538182735443
}