{
    "ROUGE-1": 0.0,
    "ROUGE-2": 0.0,
    "ROUGE-L": 0.0,
    "METEOR": 0.0,
    "BERTScore (P)": 0.6343005299568176,
    "BERTScore (R)": 0.773165225982666,
    "BERTScore (F1)": 0.6968825459480286,
    "Distinct-1": 0.9428571428571428,
    "Distinct-2": 0.9714285714285714,
    "Ensemble": 0.17422063648700714
}