{
    "ROUGE-1": 0.0,
    "ROUGE-2": 0.0,
    "ROUGE-L": 0.0,
    "METEOR": 0.0,
    "BERTScore (P)": 0.628305196762085,
    "BERTScore (R)": 0.7759835720062256,
    "BERTScore (F1)": 0.6943792700767517,
    "Distinct-1": 0.6788990825688074,
    "Distinct-2": 0.9541284403669725,
    "Ensemble": 0.17359481751918793
}