{
    "ROUGE-1": 0.0,
    "ROUGE-2": 0.0,
    "ROUGE-L": 0.0,
    "METEOR": 0.0,
    "BERTScore (P)": 0.641362190246582,
    "BERTScore (R)": 0.7708268761634827,
    "BERTScore (F1)": 0.7001601457595825,
    "Distinct-1": 0.7959183673469388,
    "Distinct-2": 0.9183673469387755,
    "Ensemble": 0.17504003643989563
}