{
    "ROUGE-1": 0.0,
    "ROUGE-2": 0.0,
    "ROUGE-L": 0.0,
    "METEOR": 0.0,
    "BERTScore (P)": 0.7958342432975769,
    "BERTScore (R)": 0.780426025390625,
    "BERTScore (F1)": 0.7880548238754272,
    "Distinct-1": 0.8378378378378378,
    "Distinct-2": 0.972972972972973,
    "Ensemble": 0.1970137059688568
}