{
    "ROUGE-1": 0.0,
    "ROUGE-2": 0.0,
    "ROUGE-L": 0.0,
    "METEOR": 0.01792114695340502,
    "BERTScore (P)": 0.6337790489196777,
    "BERTScore (R)": 0.7701412439346313,
    "BERTScore (F1)": 0.6953377723693848,
    "Distinct-1": 0.6388888888888888,
    "Distinct-2": 0.9484126984126984,
    "Ensemble": 0.1738344430923462
}