{
    "ROUGE-1": 0.0,
    "ROUGE-2": 0.0,
    "ROUGE-L": 0.0,
    "METEOR": 0.0,
    "BERTScore (P)": 0.658075213432312,
    "BERTScore (R)": 0.7747856378555298,
    "BERTScore (F1)": 0.7116772532463074,
    "Distinct-1": 0.5608108108108109,
    "Distinct-2": 0.847972972972973,
    "Ensemble": 0.17791931331157684
}