{
    "ROUGE-1": 0.0,
    "ROUGE-2": 0.0,
    "ROUGE-L": 0.0,
    "METEOR": 0.0,
    "BERTScore (P)": 0.6544474363327026,
    "BERTScore (R)": 0.7703114748001099,
    "BERTScore (F1)": 0.7076683640480042,
    "Distinct-1": 0.5870786516853933,
    "Distinct-2": 0.8876404494382022,
    "Ensemble": 0.17691709101200104
}