{
    "ROUGE-1": 0.0,
    "ROUGE-2": 0.0,
    "ROUGE-L": 0.0,
    "METEOR": 0.0,
    "BERTScore (P)": 0.6477826237678528,
    "BERTScore (R)": 0.7727907299995422,
    "BERTScore (F1)": 0.7047864198684692,
    "Distinct-1": 0.6081081081081081,
    "Distinct-2": 0.9290540540540541,
    "Ensemble": 0.1761966049671173
}