{
    "ROUGE-1": 0.0,
    "ROUGE-2": 0.0,
    "ROUGE-L": 0.0,
    "METEOR": 0.0,
    "BERTScore (P)": 0.6469832062721252,
    "BERTScore (R)": 0.7708475589752197,
    "BERTScore (F1)": 0.7035048604011536,
    "Distinct-1": 0.6169491525423729,
    "Distinct-2": 0.9457627118644067,
    "Ensemble": 0.1758762151002884
}