{
    "ROUGE-1": 0.0,
    "ROUGE-2": 0.0,
    "ROUGE-L": 0.0,
    "METEOR": 0.0,
    "BERTScore (P)": 0.7857754826545715,
    "BERTScore (R)": 0.777431070804596,
    "BERTScore (F1)": 0.7815809845924377,
    "Distinct-1": 0.8333333333333334,
    "Distinct-2": 0.9444444444444444,
    "Ensemble": 0.19539524614810944
}