{
    "ROUGE-1": 0.0,
    "ROUGE-2": 0.0,
    "ROUGE-L": 0.0,
    "METEOR": 0.0,
    "BERTScore (P)": 0.6498299837112427,
    "BERTScore (R)": 0.7749914526939392,
    "BERTScore (F1)": 0.7069134712219238,
    "Distinct-1": 0.6482213438735178,
    "Distinct-2": 0.9525691699604744,
    "Ensemble": 0.17672836780548096
}