{
    "ROUGE-1": 0.0,
    "ROUGE-2": 0.0,
    "ROUGE-L": 0.0,
    "BERTScore (P)": 0.6491002440452576,
    "BERTScore (R)": 0.7646628618240356,
    "BERTScore (F1)": 0.7021584510803223,
    "Distinct-1": 0.10460251046025104,
    "Distinct-2": 0.26359832635983266,
    "Ensemble": 0.17553961277008057
}