{
    "ROUGE-1": 0.0,
    "ROUGE-2": 0.0,
    "ROUGE-L": 0.0,
    "BERTScore (P)": 0.612168550491333,
    "BERTScore (R)": 0.7688525319099426,
    "BERTScore (F1)": 0.6816222667694092,
    "Distinct-1": 0.1482889733840304,
    "Distinct-2": 0.6311787072243346,
    "Ensemble": 0.1704055666923523
}