{
    "ROUGE-1": 0.0,
    "ROUGE-2": 0.0,
    "ROUGE-L": 0.0,
    "BERTScore (P)": 0.6388497352600098,
    "BERTScore (R)": 0.7662361264228821,
    "BERTScore (F1)": 0.6967685222625732,
    "Distinct-1": 9.647058823529411,
    "Distinct-2": 18.235294117647058,
    "Ensemble": 0.1741921305656433
}