{
    "ROUGE-1": 0.0,
    "ROUGE-2": 0.0,
    "ROUGE-L": 0.0,
    "BERTScore (P)": 0.6369191408157349,
    "BERTScore (R)": 0.772948145866394,
    "BERTScore (F1)": 0.6983713507652283,
    "Distinct-1": 0.10380622837370242,
    "Distinct-2": 0.356401384083045,
    "Ensemble": 0.17459283769130707
}