{
    "ROUGE-1": 0.0,
    "ROUGE-2": 0.0,
    "ROUGE-L": 0.0,
    "BERTScore (P)": 0.6440023183822632,
    "BERTScore (R)": 0.7524170279502869,
    "BERTScore (F1)": 0.6940011978149414,
    "Distinct-1": 4.52,
    "Distinct-2": 9.44,
    "Ensemble": 0.17350029945373535
}