{
    "ROUGE-1": 0.0,
    "ROUGE-2": 0.0,
    "ROUGE-L": 0.0,
    "BERTScore (P)": 0.7369518280029297,
    "BERTScore (R)": 0.778599202632904,
    "BERTScore (F1)": 0.7572032809257507,
    "Distinct-1": 0.11134903640256959,
    "Distinct-2": 0.7987152034261242,
    "Ensemble": 0.18930082023143768
}