{
    "ROUGE-1": 0.0,
    "ROUGE-2": 0.0,
    "ROUGE-L": 0.0,
    "BERTScore (P)": 0.6451702117919922,
    "BERTScore (R)": 0.7671256065368652,
    "BERTScore (F1)": 0.7008823156356812,
    "Distinct-1": 10.4,
    "Distinct-2": 20.2,
    "Ensemble": 0.1752205789089203
}