{
    "ROUGE-1": 0.0,
    "ROUGE-2": 0.0,
    "ROUGE-L": 0.0,
    "BERTScore (P)": 0.651931881904602,
    "BERTScore (R)": 0.7705929279327393,
    "BERTScore (F1)": 0.7063133120536804,
    "Distinct-1": 10.785714285714286,
    "Distinct-2": 22.214285714285715,
    "Ensemble": 0.1765783280134201
}