{
    "ROUGE-1": 0.0,
    "ROUGE-2": 0.0,
    "ROUGE-L": 0.0,
    "BERTScore (P)": 0.6498924493789673,
    "BERTScore (R)": 0.7513527870178223,
    "BERTScore (F1)": 0.6969493627548218,
    "Distinct-1": 5.0,
    "Distinct-2": 13.083333333333334,
    "Ensemble": 0.17423734068870544
}