{
    "ROUGE-1": 0.0,
    "ROUGE-2": 0.0,
    "ROUGE-L": 0.0,
    "BERTScore (P)": 0.650068998336792,
    "BERTScore (R)": 0.7617206573486328,
    "BERTScore (F1)": 0.7014798521995544,
    "Distinct-1": 5.3,
    "Distinct-2": 10.375,
    "Ensemble": 0.1753699630498886
}